None	1	0	385	10	332.265625	我的世界籽岷国语/*综艺*/.wa-wise-address-video-list-item{display:block;position:relative;line-height:14px;margin-bottom:14px;height:15px;}.wa-wise-address-video-list-item.wa-wise-address-video-list-left{left:21px;}.wa-wise-address-video-list-item:last-child{margin-bottom:0;}.wa-wise-address-video-list-icon{display:inline-block;width:10px;font-size:15px;color:#e0e0e0;}.wa-wise-address-video-list-icon-new{color:#0c77e5;}.wa-wise-address-video-list-line{border-left:solid1px#e0e0e0;height:19px;position:absolute;left:4px;top:13px;}.wa-wise-address-video-list-date{display:inline-block;}.wa-wise-address-video-list-title{display:inline-block;position:absolute;right:0;left:62px;}.wa-wise-address-video-tabs-icon-common{width:14px;height:14px;vertical-align:middle;background-size:14px21px;-webkit-background-size:14px21px;background-position:0px-3px;font-style:normal;overflow:hidden;}/*电影*//*电视剧和动漫*/.wa-wise-address-video-tab-list-cell-empty{background-color:#eee;}.wa-wise-address-video-tab-list-cell-new{position:absolute;top:3px;right:3px;}.wa-wise-address-video-slink{-webkit-justify-content:flex-start;justify-content:flex-start;border-bottom:1pxsolid#eee;}更新至2016.09.19期类型：游戏互动/网络游戏/综艺主持人：小籽播放最新节目●09.19口袋妖怪橙神奇宝贝模组第三集●09.18天空冲突SkyClash●09.17侏罗纪世界恐龙乐园第八集●更早的节目华数为您推荐：我的世界炎黄我的世界籽岷多人游戏我的世界籽岷饥饿游戏我的世界天骐我的世界籽岷我是僵尸我的世界马桶我的世界籽岷模组介绍我的世界扁桃
None	2	0	385	342.265625	618.265625	我的世界籽岷的相关视频.sfc-short-video-page-wrap.sfa-head{background-color:#333;}.wa-short-video-scroll-wrapper{overflow:hidden;position:relative;}.wa-short-video-scrollorli{vertical-align:top;position:relative;display:inline-block;}.wa-short-video-wrapper-scroll.wa-short-video-tab-nav{display:block;overflow:hidden;}.wa-short-video-mark-new{width:100%;height:100%;text-align:right;color:#fff;position:absolute;left:0;top:0;}.wa-short-video-more{position:absolute;top:50%;left:50%;margin:-24px-12px;}.wa-short-video-moretext{width:100%;height:22px;color:#fff;text-align:center;position:absolute;top:50%;margin-top:2px;}.wa-short-video-scroller{white-space:nowrap;vertical-align:top;}.wa-short-video-scroller-entity{display:inline-block;vertical-align:top;}.wa-short-video-entity{width:33.3%;min-height:1px;padding-right:1px;display:inline-block;white-space:normal;vertical-align:top;}.wa-short-video-indicator{text-align:center;height:.1rem;}.wa-short-video-indicator.wa-short-video-scroll-indicator{vertical-align:top;}.wa-short-video-item{position:relative;overflow:hidden;}.wa-short-video-length{font-size:13px;line-height:1;}.wa-short-video-play-icon{background:url(data:image/png;base64,iVBORw0KGgoAAAANSUhEUgAAAGAAAABgCAYAAADimHc4AAAAGXRFWHRTb2Z0d2FyZQBBZG9iZSBJbWFnZVJlYWR5ccllPAAAAyhpVFh0WE1MOmNvbS5hZG9iZS54bXAAAAAAADw/eHBhY2tldCBiZWdpbj0i77u/IiBpZD0iVzVNME1wQ2VoaUh6cmVTek5UY3prYzlkIj8+IDx4OnhtcG1ldGEgeG1sbnM6eD0iYWRvYmU6bnM6bWV0YS8iIHg6eG1wdGs9IkFkb2JlIFhNUCBDb3JlIDUuNi1jMDY3IDc5LjE1Nzc0NywgMjAxNS8wMy8zMC0yMzo0MDo0MiAgICAgICAgIj4gPHJkZjpSREYgeG1sbnM6cmRmPSJodHRwOi8vd3d3LnczLm9yZy8xOTk5LzAyLzIyLXJkZi1zeW50YXgtbnMjIj4gPHJkZjpEZXNjcmlwdGlvbiByZGY6YWJvdXQ9IiIgeG1sbnM6eG1wTU09Imh0dHA6Ly9ucy5hZG9iZS5jb20veGFwLzEuMC9tbS8iIHhtbG5zOnN0UmVmPSJodHRwOi8vbnMuYWRvYmUuY29tL3hhcC8xLjAvc1R5cGUvUmVzb3VyY2VSZWYjIiB4bWxuczp4bXA9Imh0dHA6Ly9ucy5hZG9iZS5jb20veGFwLzEuMC8iIHhtcE1NOkRvY3VtZW50SUQ9InhtcC5kaWQ6NjNFMTNDMzMxQzBGMTFFNkE3NkQ4M0U0QkIyN0Y0NzEiIHhtcE1NOkluc3RhbmNlSUQ9InhtcC5paWQ6NjNFMTNDMzIxQzBGMTFFNkE3NkQ4M0U0QkIyN0Y0NzEiIHhtcDpDcmVhdG9yVG9vbD0iQWRvYmUgUGhvdG9zaG9wIENDIDIwMTUgKE1hY2ludG9zaCkiPiA8eG1wTU06RGVyaXZlZEZyb20gc3RSZWY6aW5zdGFuY2VJRD0ieG1wLmlpZDowN0MxMEFEQkRENTQxMUU1OUE5MUQ1NDAwRDg2MDgwRSIgc3RSZWY6ZG9jdW1lbnRJRD0ieG1wLmRpZDowN0MxMEFEQ0RENTQxMUU1OUE5MUQ1NDAwRDg2MDgwRSIvPiA8L3JkZjpEZXNjcmlwdGlvbj4gPC9yZGY6UkRGPiA8L3g6eG1wbWV0YT4gPD94cGFja2V0IGVuZD0iciI/PjJWY18AAA3mSURBVHja7F0JUBTZGR7uQ2FghRk55BZWQNeT5RS0RCMqiKBlqZuUoTRabu1uNJUFSXkFFLPR7BoTKdSVjbVEKyLorqh4gCUgoq54BAMZmAEGAcFwjDLck/83/ajWjMowDN0z03/VFN2tM93/9733H6/f+5+BQqHgccKcGHIQcARwBHDCEcARwAkzYszmhystLZ1ibW0daG5uPg0+XhYWFs6mpqa2JiYmfENDQzNjY2OLwcHB/oGBAXlfX9+L/v7+LjiWyeVyaXd3twg+Dzs7O0sDAwOfsFVHAzaFoWVlZe5WVlbRfD5/nq2tbSAALhyN3wVCmtva2m53dHRcl8lk5wMCAsQcAZSUlJQI7OzsNtvb28fZ2Nj4G4Bo+JYKIONxS0tLdmtr65Hg4OBnekkAtPYgZ2fnRKFQ+DMjIyNTZf8HzErX8+fPRQBWw9OnT6VPnjxpqKioaKmqqpI1NTX1VFZWyidMmGDs5uZm4enpOU4gEJjD3w+mTJni5Ojo6AykOsG/e4HJslT2+2Cuepubmy9JpdI06BW39IKA+/fvhwPwKQBOCN7/taapUAwCII9B7mVnZ/904sSJup6eHrUe0MzMzGD9+vUucXFxM/z9/WcD4djL3gw+FEByCRCRPGPGjBs6SQC0eG8XF5dvJk6cuOhN4Nvb22vAFF1JTU0tgr8dmnwOMDn85OTk0KCgoEjwMx5vEgE963JdXd3n0COqdIKAe/fumYBT3e3u7r4VTI0ZrbUramtrS6GV5+zZs+dfTHT/HTt2fAi9Y7mrq2sQ3feAaeoRi8UHwWnvnDVrVp/WEgDgT/Xy8joNBEyhX0fg09LSvk9PT69lQySyadMm18TExLVARCD9OhDwpLq6evXMmTMfah0B4Cw/8/HxSYNWb0EzNbVHjhzJ2L59+yM2xuR79+6dunnz5o0QjbnSeoMcnH2ir6/vIa0goLCw0NjDwyMT7P1acg2SpYGioqJTK1asyIaopp/NyR+Ab3Tu3Ln40NDQ1ZDsGZHr9fX1WdAbfhEREdHPWgLA5FhChHMBIo0Icu3FixcNu3btOgAi0qYhgm3btnnBc28bP368E7kGEVohREpLwC90sY6Amzdv2kOYdxkiixl0W7948eKvIX7v4mmhQD5hefHixS/ovgGSuPsQJi8KCwtrYQ0BmM0C+MXW1tZetHj//Jw5c46DDdXqV27gwwzu3LmTAPlBNLnW2dkpAhJCRiOLVns0FGy+HTioAhr4ioKCgu8gcjim7eBTTliBuqBOqBteQ11RZ9SdUQLQ4fr5+WWD4/Il4J89e/bw/Pnzs3k6JqgT6kZIQJ1B9xzEgDECMNqxt7efS87BXh6FlP8KT0cFdcvLy8sg56B7KGLACAHgWD+nh5plZWVnoqKifuTpuCxZsuQC6krOEQPA4osxdcLgYD+aNm1aKTgoczyXSCS3IONN0wWbP1zHLBKJEt3c3IIoP9H98OHDQHDUDzTeA6hE6xQBXyaTNSxbtuwbfQGfOGbUGXSXUoSYIyYj8QcqE+Do6Lidz+d/SGW4/bt37z4AIVkXT88EdQbdDyIGeI6YADbJGjVBkOm6gOmpMDExGUclX9/PnTv3NE+PBVr9qvDw8HV43NfX9xJMkS9kynUa6QHA8BECPg6sRUdHn+HpuSxfvjwbsJDgMWKDGGnEBIHjnevg4LCYnOOoJtx4QN8JQAwAi6PkHDHCt36jboJaWlqKqNeIOMZzCyKAfTxOhkQsFieRqAhfbxKsRqUHlJeXh8APBr9KdUHS0tKyOMhfl/3792cpqNYMWAUhZqNGgEAgSORR73FxhJMtb7LYJIgJWgZiWSjM1CcARzqFQuFCcn7s2LGzHNzKBbDJIceIGWKnNgF2dnabyLwdnL2QmppayUGtXBCbtra2Gio5M8UJZ2oTAPYsnhwXFRXlczC/W4qLi/Np2MWpRcDdu3c9bG1t/SnnO7Bv377isVZo6dKldl1dXScyMjKCtIEAxAixwmPEDue7jpgAKyureOJ8m5ubKzQ9aUrpAxoaGlhYWEzYsGFDUnV19W/DwsL4bCYAMQKs/kmcMZ/PXzliAmxsbBbRxj7uMK2ch4dH6NWrVw+fPHlyLptJAKzuKsNwJAQMvWA/d+5cORuUMzU15a9bt+43Eolk+4IFC2zZSEBOTs59ZRiqRADYf38zM7NXCuIg09GjR1kV++NMhby8vL+cPn16PtsIOH78eB1ihseIIWKpMgGWlpZzaMMQ/1Z3lrImxMTEZPyqVau+kEqlO9FZs+W5ECvETBmWwybA3Nz8I3Lc1NQkYbPNdXJymgXd/nBubu4ifFvFhmeiY0bHUhUCPMlxfX19A9vDP2NjY8uYmJgt8Kx74uPjhUw/T21tbYMyLIdNAIR+Q1PyIPxr1pZEyMHB4aNTp079+cKFC0twcQZTzyEWi5uVYTlsAiDamECOKyoqnmtTNorvaKOion5VV1e3FyImRyaegY4ZYGmnMgG4FJQci0QimTYOCwgEAr/MzMxDV65cWQ6OcEzXRFdVVXXSsLRWmQDIQE1pDqVHW8dmcFAM8oVfgk3eD9n0pLG6b2NjYw/9GVQmABdBk2NcjcjTcrGzs/NJT0//urCwcKWVlZWRpu8HVqObRoCFygSQ6Ra6JNCrTcLDwz959OjRl6x5prf9w8DAwNBcHx8fHwtdIsLZ2Xmmpu/h5eVlTsNSrjIBWHeBHE+cONFMlwgAf6DxgUUIh81oBPSqRQCwaaULwCMQ165dy5w6depXmr6Xt7f3UOTT19fXqTIBvb29Q2P/vr6+E7Qd/JaWlifr16//HCKis11dXYOavh8dM8Cy9a3Bztv+oaenB1PpV0Op7u7uQi1u9d35+fknY2NjfxzLAUU6ZnK5vMHW1la1HtDd3V1Njl1dXZ20EXzIXx6tWbPmM8iKfxjr0Vw6ZnQsh90D4EsPaE7YTZuAB/8lz8vLy1yxYsUlpqbN0zGjYznsHgB2cihSsLe3n8zkwJYq8vTp05/i4uI+jYmJucgU+IgVYqYMy2ETMHv27MfQbduosYxxkMa7shl4fAN15syZQy4uLrvPnz/fwuSzJCQkuJBZ5IghYqkyASjt7e1D7zahRU1nK/j19fVl0dHRn65cufIqG1bqgMOfoQzDkRBwmRxjsSMWtnpZVlbWQWj1KZcuXWLNkLmfn98sZRiqTIBMJsMFGK9alFAo9MNiR2xRUiKRlERGRm5Zu3ZtIZsaBWIEDpi8hFd0dHT8Y8QEgO2qwQJ3eGxgYGCUlJQUwrSCYFM7MjMz90OcnXbjxo12tvVKxAixwmPE7n0VGt/7kgKrC5LjkJCQhUwqJxKJbkRERGyBjLaYx1IBjCJp2L13Jvl7CcDSjmQwCWusJScn+4ylQoODgwrIJFszMjJSJ0+efKC0tLSTreAjNoCRJ5WB9wJ2f33fd4a1RAli6x8cHR2XEtuL3Z/Hyf9JTU3Nl4BNCIXZj4DZMrV7AMqzZ8/SiDPGAndYY42D+3XZuHGji5ubWzBxvk1NTX8YzvdUWaRXTNaJYWkCYJpbpEcTjS7SQ5FKpUmkF+CNUlNT/TnY/ycpKSl+BHzECLDaPtzvqrRSvrGx8YKDg0MUlWBIoBf8Wt/XCmORP2j9f4K/bhRGFwlGo9oDKMeymcz6xRvm5ubG6XvrRwwI+IgNYLRJle+rRADWQAC2h17nhYWFrcbqgvoK/tatWz0RA5of+EqVOhEqE0D1glRIr1+VGjY0NDTeuXPnVn9/f0t9Ax8rKmJZS8QAzxETxEbV3+EKNo1AGC3YhII3qqqqSiLn+CAlJSWf6EvrR11pUQ/OA00aCfgjJoDqgl9jOV9yHhAQEI9TwnUdfNQRdSXniAFiMdLfU2vGMNZShqTjJjmPioramJ2dHamr4KNuqCM9OUUM1PlNtSvnYvHS6dOn36DXDi0oKPibrtUOvX79ety8efN+zqPWTUP+U1FeXh4eERHRyigBlE3kShczYYKI4IM8ePAgGAtb0xx1NHTPRAzXtDnURB3o4KOOqOto7b40aqtGsJp4TU1NKJZ4J9dw5PT27dsHMGHRxiQLnv2PqAO5hrqhjqNVOX3UTNAbPsHY09Pzu0mTJq0h13CtQVFR0emYmJgzbB87wrEdHF7ADJckWSTaYf0GDnTB0sbe3t5pJFmjHJcEC9yxfAuTDWRshyRZEOejKf1GE/fU6CY+mDF7eHj8XckmPrdA2e8zMjLq2AA8vkyBRrGWbm7I8AKYnNUjTbIYJwCF2sZqD7WN1dBiNSxwJxaLS7799ttcpqpwAejeCQkJsfBswW9sY9VLbWO1Q6u3saLLuzZyg8iiGkLZqykpKTc1/dI9MDDQGjdyw9kL5AU6TXRvIzclPWIeEPF7Za/scCvDxsbGR1hvJycnp3w0tzKMjY2djrP7HBwc/Mm8Hbrga0QA/nfQ4gvGEg/GNvPEupoCgeBLoVC46F2beQIwVUCKBPyGFJf/V1ZW/gc384RjOQD2ai0uEGoGZsQCnL6Vj4/PB7g4Auy5M4DtBkR7v20zT4jOeqHF5+OkA8jmGZlrxPh2thBrC8EUbMICd1R9ujHbzhb+pn/88ceM1sFg1YbOWCQQ69RBGLgQPjNJwSh1BaeIQwj8E3zycb4rTrlki86sIkBJ7/AdN25ckKWl5VQs+UJtaf4B1rHA/IJsDoqbb2K8Diaro7e3t00ul9cD6DUvX758CJ9b0Mor2KojqwnQBzHkIOAI4AjghCOAI4ATZuS/AgwA29w6yydLaekAAAAASUVORK5CYII=)no-repeat;background-size:contain;position:absolute;top:50%;left:50%;margin:-16px;width:32px;height:32px;}.wa-short-video-title{max-height:41px;word-break:break-all;font-size:13px;}.wa-short-video-item>div:nth-child(1){position:relative;margin:0;border-top:0none;border-bottom:0none;}.wa-short-video-mark-cover{width:100%;height:100%;background:rgba(51,51,51,.7);}我的世界籽岷籽岷幸运方块籽岷虚无生存籽岷多人生存《地心历险记》1.9多人创意小游戏时长22:40《超级马里奥障碍赛》1.9跑酷小游戏时长08:17《热血联盟CompetitiveLeague》PVP小游戏时长20:01《无限挑战幸运方块大冒险上集》1.9双人模组小游戏时长19:01《无限挑战幸运方块大冒险下集》1.9双人模组小游戏时长20:31《我要去太空第十集》1.9主题生存时长24:28《我要去太空第十一集》1.9主题生存时长16:14我的世界籽岷的模组介绍1.9新趣味模组合集III时长18:48更多视频天天向上幸运方块大冒险VI上集时长22:09天天向上幸运方块大冒险VI下集时长24:13无限挑战幸运方块大冒险下集时长20:31★我的世界★Minecraft《籽岷的1.9双人模组小游戏无限挑战幸运方块大冒险上集》时长19:01★我的世界★Minecraft《籽岷的1.7.10双人模组小游戏美人鱼幸运方块大冒险下集》时长18:22★我的世界★Minecraft《籽岷的1.7.10双人模组小游戏美人鱼幸运方块大冒险上集》时长18:07★我的世界★Minecraft《籽岷的双人模组小游戏天天向上幸运方块大冒险V下集》时长25:16★我的世界★Minecraft《籽岷的双人模组小游戏天天向上幸运方块大冒险V上集》时长20:01更多视频我的世界籽岷的模组生存虚无世界2第五十集时长25:02我的世界籽岷的模组生存虚无世界2第四十九集时长29:01我的世界籽岷的模组生存虚无世界2第四十八集时长26:48我的世界籽岷的模组生存虚无世界2第四十六集时长22:12我的世界籽岷的模组生存虚无世界2第四十五集时长20:46我的世界籽岷的模组生存虚无世界2第四十四集时长39:34我的世界籽岷的模组生存虚无世界2第四十三集时长37:21我的世界籽岷的模组生存虚无世界2第四十二集时长38:57更多视频★我的世界★Minecraft《籽岷的极限生存实况第一集下大难不死必有后福》时长10:32★我的世界★Minecraft《籽岷的极限生存实况第一集中月光光心慌慌》时长06:31★我的世界★Minecraft《籽岷的服务器生存爱心世界第二集硅的艺术》时长19:16★我的世界★Minecraft《籽岷的服务器生存爱心世界第三集地狱求学记》时长30:17我的世界籽岷的极限生存实况第十六集希罗情结时长37:33我的世界籽岷的极限生存实况番外篇二神秘装置2时长53:04我的世界籽岷的极限生存实况第十三集深坑2续时长49:46我的世界籽岷的极限生存实况第十八集田园物语时长35:39更多视频为您推荐：我的世界炎黄我的世界粉鱼我的世界天骐我的世界大橙子minecraftpe我的世界0.15我的世界1.4我的世界怪物列表
None	3	0	385	628.265625	772.265625	我的世界籽岷我是僵尸_视频在线观看-爱奇艺搜索我的世界籽岷最新视频合集2016类型:我的世界网络游戏简介:籽岷我的世界最新视频,畅玩游戏。...so.iqiyi.com111条评价为您推荐：我的世界籽岷幸运方块我的世界籽岷多人游戏我的世界籽岷起床战争我的世界大橙子我的世界小本我的世界籽岷行尸走肉我的世界籽岷多人生存我的世界天骐
None	4	0	385	782.265625	1005.265625	我的世界籽岷_相关游戏.wa-sigma-celebrity-rela-scroller{white-space:nowrap;}.wa-sigma-celebrity-rela-entity{display:inline-block;vertical-align:top;}.wa-sigma-celebrity-rela-entity:first-child{padding-left:0px;}.wa-sigma-celebrity-rela-name{color:#00a;text-align:center;line-height:22px;white-space:pre-line;word-break:normal;word-wrap:normal;margin-bottom:2px;}.wa-sigma-celebrity-rela-reason{text-align:center;white-space:pre-line;word-break:normal;word-wrap:normal;font-size:13px;line-height:19px;margin-bottom:0;}.wa-sigma-celebrity-rela-comment{position:relative;height:21px;margin:0auto;width:60px;}.wa-sigma-celebrity-rela-comment.c-icon{display:inline-block;width:12px;text-align:center;}.wa-sigma-celebrity-rela-comment-graystar{position:absolute;color:#eee;}.wa-sigma-celebrity-rela-comment-redstar{position:absolute;color:#ff0000;white-space:nowrap;overflow:hidden;}.wa-sigma-celebrity-rela-nowrap{white-space:nowrap;}.wa-sigma-celebrity-coverWrap{position:relative;}.wa-sigma-celebrity-cover{width:100%;height:100%;font-size:25px;color:#fff;position:absolute;left:0;top:0;right:0;bottom:0;z-index:2;text-align:center;background:rgba(0,0,0,0.5);overflow:hidden;display:block;}.wa-sigma-celebrity-coverp{font-size:13px;text-align:center;line-height:12px;}.wa-sigma-celebrity-cover-inner{text-align:center;vertical-align:middle;position:absolute;top:50%;left:50%;height:44px;margin-top:-22px;margin-left:-26px;}@mediascreenand(max-width:335px){.wa-sigma-celebrity-rela-comment{width:50px;}.wa-sigma-celebrity-rela-comment.c-icon{width:10px;}}是男人就坚持20秒一般人很难玩过20秒性感僵尸第一人称射击游戏我的世界怪物列表出自游戏minecraft我的世界1.4一款沙盒游戏生存战争模拟角色扮演类游戏我的世界手机版沙盒游戏我的世界1.4.2一个人独立完成的游戏枪的世界第一人称射击游戏我的世界现实版三维第一人称冒险游戏末地传送门游戏Minecraft中结构蹂躏美女衣休闲益智游戏鬼畜版天线宝宝恐怖类型游戏查看更多
None	5	0	385	1015.265625	1159.265625	我的世界籽岷-全集在线观看-综艺-百度视频我的世界籽岷每周一更主持:小籽国家/地区:内地简介:一款大型三维空间的沙盒建造类游戏,拥有极高的...v.baidu.com674条评价为您推荐：我的世界0.15我的世界2我的世界扁桃我的世界大橙子我的世界粉鱼我的世界怪物列表我的世界五歌我的世界夏天
None	6	0	385	1169.265625	1313.265625	我的世界籽岷我是僵尸1_视频在线观看-爱奇艺搜索2015年9月12日 - ★我的世界《籽岷的模组大乱斗XV...★我的世界《籽岷的模组大乱斗XX...我的世界《籽岷的模组大乱...so.iqiyi.com111条评价为您推荐：我的世界籽岷我是僵尸第一期马桶c的个人空间我的世界马桶解说籽岷的老婆是谁大橙子陈子豪大橙子照片曝光炎黄
None	7	0	385	1323.265625	1467.265625	我的世界籽岷最新视频合集我的世界籽岷..._爱奇艺.wa-www-video-normal-abs{padding:08px;position:relative;}.wa-www-video-normal-abs:first-child{padding-left:0;}.wa-www-video-normal-abs:before{content:"";width:1px;height:14px;background-color:#eee;position:absolute;top:0;left:0;}.wa-www-video-normal-abs2{color:#333;}.wa-www-video-normal-abs:first-child::before{content:none;}.wa-www-video-normal-play{position:relative;}.wa-www-video-normal-play-icon-back{background-color:#000;opacity:0.4;height:15px;width:15px;position:absolute;left:5.5px;bottom:6px;border-radius:50%;}.wa-www-video-normal-play-icon{font-size:150%;color:#fff;position:absolute;left:2px;bottom:2px;}.wa-www-video-normal-no-gap{margin-bottom:0;}.wa-www-video-normal-gray{color:#999;}.wa-www-video-normal-play-type1{position:absolute;height:21px;padding:0px4px;bottom:4px;right:4px;color:#fff;font-size:10px;background:rgba(0,0,0,.5);border-radius:20px;}.wa-www-video-normal-play-type1.c-icon{position:relative;top:-1px;}.wa-www-video-normal-list.c-icon.wa-www-video-normal-play-icon,.wa-www-video-normal-list.wa-www-video-normal-play-icon-back,.wa-www-video-normal-list.wa-www-video-normal-play-type2,.wa-www-video-normal-list.wa-www-video-normal-play-type1{display:none;}.wa-www-video-normal-list.wa-www-video-normal-list-tag-wrap{margin-bottom:0;}.wa-www-video-normal-list-tag-wrapem{color:#ff6600;}.wa-www-video-normal-play-type2{position:absolute;height:30px;width:30px;top:50%;left:50%;margin:-15px00-15px;background:url(data:image/png;base64,iVBORw0KGgoAAAANSUhEUgAAAFYAAABWCAYAAABVVmH3AAAAGXRFWHRTb2Z0d2FyZQBBZG9iZSBJbWFnZVJlYWR5ccllPAAAAyhpVFh0WE1MOmNvbS5hZG9iZS54bXAAAAAAADw/eHBhY2tldCBiZWdpbj0i77u/IiBpZD0iVzVNME1wQ2VoaUh6cmVTek5UY3prYzlkIj8+IDx4OnhtcG1ldGEgeG1sbnM6eD0iYWRvYmU6bnM6bWV0YS8iIHg6eG1wdGs9IkFkb2JlIFhNUCBDb3JlIDUuNi1jMDY3IDc5LjE1Nzc0NywgMjAxNS8wMy8zMC0yMzo0MDo0MiAgICAgICAgIj4gPHJkZjpSREYgeG1sbnM6cmRmPSJodHRwOi8vd3d3LnczLm9yZy8xOTk5LzAyLzIyLXJkZi1zeW50YXgtbnMjIj4gPHJkZjpEZXNjcmlwdGlvbiByZGY6YWJvdXQ9IiIgeG1sbnM6eG1wPSJodHRwOi8vbnMuYWRvYmUuY29tL3hhcC8xLjAvIiB4bWxuczp4bXBNTT0iaHR0cDovL25zLmFkb2JlLmNvbS94YXAvMS4wL21tLyIgeG1sbnM6c3RSZWY9Imh0dHA6Ly9ucy5hZG9iZS5jb20veGFwLzEuMC9zVHlwZS9SZXNvdXJjZVJlZiMiIHhtcDpDcmVhdG9yVG9vbD0iQWRvYmUgUGhvdG9zaG9wIENDIDIwMTUgKE1hY2ludG9zaCkiIHhtcE1NOkluc3RhbmNlSUQ9InhtcC5paWQ6MDdDMTBBREJERDU0MTFFNTlBOTFENTQwMEQ4NjA4MEUiIHhtcE1NOkRvY3VtZW50SUQ9InhtcC5kaWQ6MDdDMTBBRENERDU0MTFFNTlBOTFENTQwMEQ4NjA4MEUiPiA8eG1wTU06RGVyaXZlZEZyb20gc3RSZWY6aW5zdGFuY2VJRD0ieG1wLmlpZDowN0MxMEFEOURENTQxMUU1OUE5MUQ1NDAwRDg2MDgwRSIgc3RSZWY6ZG9jdW1lbnRJRD0ieG1wLmRpZDowN0MxMEFEQURENTQxMUU1OUE5MUQ1NDAwRDg2MDgwRSIvPiA8L3JkZjpEZXNjcmlwdGlvbj4gPC9yZGY6UkRGPiA8L3g6eG1wbWV0YT4gPD94cGFja2V0IGVuZD0iciI/PhX39gUAAA14SURBVHja7J0JUBRnFsdhuFEkRGDkkFuIHEY8IocIWjGuJ0HUssRky6V0tZLKoakNyJaJLigmazbJZlcWNZK4ulorgiaiQSNYAoJHQMliYIf7EtHlGGW42f8j/U21OCAiw/TAvCqc7p5xur/fvH7Hd7zW7unp0dLI8Iu2UMBmZ2dPnTBhgo+hoeE0/LkYGRnZ6uvrm+np6ZmKRCIDXV1do+7u7s6uri5ZR0fHw87OzhZsS2UyWVVra6sEf7ebm5uzfXx87oxpsNeuXXM0MTFZYWpqOt/MzMwHIMXD8b0AXdfQ0JDT1NR0SSqVnnnllVdKRz3YrKwsS3Nz8y0WFhahL7zwgqc2RMmn7AHkn+vr6xPv37+/38/P796oAgvt9LW1tY0Qi8W/0dHR0Vf0GdzeLQ8ePJAAQnVNTU3VnTt3qgsKCuqLioqkd+/ebSssLJRNnDhR18HBwcjZ2XmcpaWlIV5fnDp1qo21tbUtfiwbvO8C02Gs6PthNtrr6urOV1VVxUKLr6o12Nzc3EAAjUaj/elcj6lST083Gvoz5GZiYuJPhw8frmhra3uuizEwMNDesGGDXWhoqLenp+cs/JB0V4j6ajF+vCwAjvL29r6sVmChoa52dnZfTJo0aVFfoI2NjSUwCRdiYmIy8NqkTK3BrW8aFRU119fXdyHsuFNfwLgTfqioqHgXGlwkaLA3b97UgzPa6ejouBW3vAFPO3vKy8uzoZVJu3bt+kUVzmTHjh0vQZtft7e39+XbdpiIttLS0s/g7D6aOXNmh+DAAqqXi4vLCYCdyj9OQGNjY4/GxcWVCyEM2rx5s31EREQYAPvwjwPsneLi4rUzZsy4LRiwcDLvuLm5xUJLjXi3fPn+/fvjt2/fni/EAH737t1eW7Zs2YToxJ6nvTI4yQh3d/cvVQo2PT1d18nJKQH2NIwdQxDflZGRcXzlypWJ8PKdQs6OAFXn9OnTq+bOnbsWSYgOO15ZWXkM2vvboKCgzhEHi1vfGB7/LDxvEDv28OHD6o8//ngfRKJO6ee2bdtccN3bxo8fb8OOIWJJR+SwFHa3ZcTAXrlyxQLhzA/wtN58W7p48eLPEX+2aKmhIB42Pnfu3Ht824vkIhfh4KKAgIB6pYOl7AlQM5HXu/Di1TOzZ88+BBul1j068BHa169fD0d8u4Ida25ulgCu/7NmbaJntKnmMOxpPKg9aWlp38CTHlR3qJzz6qG2UJuobXSM2kptprYrBSw5Kg8Pj0QYfHcG9dSpU18tWLAgcbR1+VGbqG0MLrUZbU8iBsNuCpCh/JPv/WGP4pcsWfK91iiWs2fPLkUbf89jcBQM1g8bWDikd2HcP+elrCfnzJnzrdYYkJycnDeR8q7isXifz2LIYOGYXp42bVo2DLsh7ZeVlV1FhhU7GmzqYB2aRCKJcHBw8OXscOvt27d94OBuDdnGcgnAcQZVKpVWL1++/IuxApU5NGoz2l7FgTYkJk+ztwOCtba23o7c/yUuo+rcuXPnPoQeLVpjTKjNaPtnxID2iQnYRA3JFCCzsoMJKNDT0xvHJQVH582bd0JrDAu0dE1gYGCv8+ro6HgEk+COzKzimcDW1taetbKyWsI6VBwdHd/Da9dYBkt9C6WlpX/BqwPHKAWMlg7aFMBhzcN/WMz2qZdqrEPlFKwLLA6wfWJEoySD1tj6+voMbjiF+gCuwiPu0dKIXKC1kSxKoGEexmpAjc3Ly/PHB/16UytIbGzsMQ3Kx2Xv3r3HejiNBCtfYvZUja2pqfkOHm8Zi1lhWzXaqlhrKbb145h9D2bL+9VY6rkSi8Wvsf2DBw+e0iBULGCTxLaJGbHrF6y5uflmNu5Po6kxMTGFGoSKhdg0NDSUcEmDPk1E6Rcs7IU8J87IyEjV4BtYMjMzU3nsQhWCvXHjhpOZmZkn57S69uzZkznSF7ps2TLzlpaWw/Hx8b7qAJYYESvaJnY0H+0JsCYmJqStvePtdXV1BcqeTKEwqBaJtI2MjCZu3Lgxsri4+A8BAQGmQgZLjMDqPywQQKq7+gmwyCYW8XLj66q+aCcnp7kXL1786siRI/ME3o9wQxFDPlj5wODp06fzhHDR+vr6puvXr/8AYd/2V1991UyIYJOSknIVMRRx9tXTwMDAjHUuHDhwoFxIF08jpykpKX87ceLEAqGBPXToUAUxo21iSCzlYI2NjWfz0tn/Pu+sP2WInp7e+DVr1rxXVVX1ETk5oVwXsSJmbJ+x7AVraGj4Mnvj7t27ZUK2aTY2NjNx+32VnJy8iHr3hXBNfGaMJQPrzN6orKysFnqYo6uraxwcHPwWrnXXqlWrxKq+nvLy8moeWGc5WIQ48qk1CHPq1CVAt7Kyevn48eN/pdFUmnSswn4DOTPGUsR534nsjYKCggfqlP3QGBQNUVdUVOxGBGGtimvgMwNLczlYWvLD3pBIJFJ1TC8tLS09EhISvrxw4cLrcCCikTx3UVFRM8/JTpCDRcajzzPEbeqau1NnCOLd38Hm7UX2NnmkzltbW9vGvwY5WFqcxt6g1Snq3jlibm7uFhcX93l6evpqpOo6yj4f7vJWHlgjOVg2rDuaBHehXmBg4Bv5+fkfquT89E9XV5d8roCbm5vRaAJsa2s7Q9nncHFxMWTbNN1eDpbWpbI3Jk2aZDCawMLeKr1DCWGfAQ9su0KwoG8yGoBSA3/88ccELy+vT5V9LldX1wlsu6Ojo1kOtr29Xd736u7uPlHdoSJ3v7Nhw4Z3ESGcamlp6Vb2+fjMwPJ+b0DAdSRQStbb5eXo6ChWYy1tTU1NPRISEvL9SHYk8ZnJZLJqMzOzXzW2tbW1mL1hb29vo45QEX/nr1u37h1kYd+NdO8cnxljqcvt3OI5Lwd1Agr/IEtJSUlYuXLleVVNL+UzYyx7NRZ2SO45LSwspqiyQ+NZpKam5qfQ0NC3g4ODz6kKKrEiZmyfsewFO2vWrJ9x+zRwue44pIP2QgZKPfYnT5780s7ObueZM2fqVXkt4eHhdmyqKzEklnKwJI2NjfKxG2jAdKFCraysvLZixYq3V69efVEIM8vhKL0VMeSD/YFtUxEFAWqp9NixY59BS6PPnz8vmK5NDw+PmYoYysFKpdKTWty6JrFY7EFFFIRy8WVlZVkLFy58KywsLF1IPzYxguPy5HZ7mpqa/v0EWNiGEipMQ9va2to6kZGR/qq+cNispoSEhL2IE2MvX77cKLS7iBgRK9omdvyKSaI+GYt8laG/v/9rqrxoiURyOSgo6C1kUJlaAhUwWshj99jMzMfAUgkl1olANVSioqLcRvJCu7u7e5C53I+Pj4+ZMmXKvuzs7GahQiU2YOTM+iXA7u/895828TiLbkMtjTwhJSUlH4KNP8ds4InHJPfu3YtlTowK01ANFQ3Gx2XTpk12bDa31q/VkD7p+5n+FndksnUImunyT8qQFneQVFVVRTKtpS+IiYnx1OD8VaKjoz0YVGIEVtsVfW6wC+jKoLXvaxbQPbGA7hxjNCiN5QzyFjaLjr4oOTk5dKxrKzFgUIkNGG3u77P9gqU1ovh15MMaAQEBa6naz1iFunXrVmdiwLOzn/a3jnZAU0BCS8e9vb3z2QpwWlqONO6DsbYCnCoc5eTk/NnExMSW9pG6/pKbm+s1UF0uTSGIp4hSCkGQ0BcUFRVFsn06QVZW1htjRVuprbwogOZpRT4N6qA0lkllZeXRyZMnr2P7KSkp/1i6dOnZ0Qy1b7EdKs0HBmGD+b+DnpVHtf4QDF9h+zjhpsTExIWjFSq1jdrIT5qIwWD//zNViqOiXtOnT7/Mr72Vlpb27WirvXXp0qXQ+fPnv6nFrXtD/F6Ql5cXCGd1XylgOZujKcE3nKaACZ3g1q1bflRQkefgVuA2iaCwRJ1DKmoDHyq1kdo6lGr0Q5r5TNUpS0pK5lIpUHaMesIQ6+2jQFodg3+KU6kN7Bi1jdo4lEqcQzIFfRMIZ2fnb/jRAs21zcjIOBEcHHxS6H0LlPtTmkoZlUgk0uV7f5UV5uULlehzdXWNZUkE67ihwjQCLyW9keX+LPhHnEom7Yvn/f5hK35OGZqTk9O/FBQ/v4pGHI2Pj68QAlDqpMaPHca/7Vmailt/7WCC/xEFS8KV69/FleuXLxihwjSlpaVZX3/9dbKqqnYApmt4eHgIrs2vT7n+dq5c/w5Bluvny0APmICnLUbIdjE6OvqKsgcLfXx8JtADJmg0lQ388UR9HjChQIPnA/CfFA1d0CNRamtr82m9f1JSUt5wPhIlJCRkOs3msbKy8mTj/nyh4RQA/SM0NE1ZbR+Rh/hQXSpLS8sPxWLxooEe4oMGFwF2GexyFS2jLCws/B89xAfbMoDoXUuFH8oAt7MRnKWJm5vbizTpF/bSFhAd8AO69vcQH0Qr7dDQVBosRfao9LkKI/rYKcSKYtySm6kwDVd/ZsQeO4XXuDlz5ozYOmGVPSiNivtQHRqEO6/hbwYrRPG8QlMpEer9hL9Umo9GU6dU0T7BPNoP2uw+btw4X2NjYy9ams492u9FWudL8TF7KBA9dIfiTZiOpvb29gaZTFYJmCWPHj26jb+r0MoCIbRHW/MwSuXI/wUYAAFSYrKtcImyAAAAAElFTkSuQmCC)no-repeat;background-size:29px29px;}视频时长25:00我的世界籽岷双人人在囧途幸运方块大冒险上m.iqiyi.com2956条评价为您推荐：我的世界小本我的世界小本求生之路人在囧途1人在囧途之冬囧minecraftpe我的世界扁桃我的世界大橙子我的世界大电影
None	8	0	385	1477.265625	1599.265625	我的世界籽岷_我的世界籽岷的多人小游戏_虎牙视频我的世界籽岷的1.10单人跑酷忍者训练2★我的世界★Minecraft《籽岷的1.7.10模组介绍科技枪Mod》...v.huya.com126条评价为您推荐：籽岷的老婆是谁我的世界1.4我的世界扁桃我的世界怪物列表我的世界马桶我的世界小本我的世界炎黄herobrine
None	9	0	385	1609.265625	1753.265625	我的世界籽岷:MC《虚无世界2第二集》_高清..._百度视频.wa-www-video-normal-abs{padding:08px;position:relative;}.wa-www-video-normal-abs:first-child{padding-left:0;}.wa-www-video-normal-abs:before{content:"";width:1px;height:14px;background-color:#eee;position:absolute;top:0;left:0;}.wa-www-video-normal-abs2{color:#333;}.wa-www-video-normal-abs:first-child::before{content:none;}.wa-www-video-normal-play{position:relative;}.wa-www-video-normal-play-icon-back{background-color:#000;opacity:0.4;height:15px;width:15px;position:absolute;left:5.5px;bottom:6px;border-radius:50%;}.wa-www-video-normal-play-icon{font-size:150%;color:#fff;position:absolute;left:2px;bottom:2px;}.wa-www-video-normal-no-gap{margin-bottom:0;}.wa-www-video-normal-gray{color:#999;}.wa-www-video-normal-play-type1{position:absolute;height:21px;padding:0px4px;bottom:4px;right:4px;color:#fff;font-size:10px;background:rgba(0,0,0,.5);border-radius:20px;}.wa-www-video-normal-play-type1.c-icon{position:relative;top:-1px;}.wa-www-video-normal-list.c-icon.wa-www-video-normal-play-icon,.wa-www-video-normal-list.wa-www-video-normal-play-icon-back,.wa-www-video-normal-list.wa-www-video-normal-play-type2,.wa-www-video-normal-list.wa-www-video-normal-play-type1{display:none;}.wa-www-video-normal-list.wa-www-video-normal-list-tag-wrap{margin-bottom:0;}.wa-www-video-normal-list-tag-wrapem{color:#ff6600;}.wa-www-video-normal-play-type2{position:absolute;height:30px;width:30px;top:50%;left:50%;margin:-15px00-15px;background:url(data:image/png;base64,iVBORw0KGgoAAAANSUhEUgAAAFYAAABWCAYAAABVVmH3AAAAGXRFWHRTb2Z0d2FyZQBBZG9iZSBJbWFnZVJlYWR5ccllPAAAAyhpVFh0WE1MOmNvbS5hZG9iZS54bXAAAAAAADw/eHBhY2tldCBiZWdpbj0i77u/IiBpZD0iVzVNME1wQ2VoaUh6cmVTek5UY3prYzlkIj8+IDx4OnhtcG1ldGEgeG1sbnM6eD0iYWRvYmU6bnM6bWV0YS8iIHg6eG1wdGs9IkFkb2JlIFhNUCBDb3JlIDUuNi1jMDY3IDc5LjE1Nzc0NywgMjAxNS8wMy8zMC0yMzo0MDo0MiAgICAgICAgIj4gPHJkZjpSREYgeG1sbnM6cmRmPSJodHRwOi8vd3d3LnczLm9yZy8xOTk5LzAyLzIyLXJkZi1zeW50YXgtbnMjIj4gPHJkZjpEZXNjcmlwdGlvbiByZGY6YWJvdXQ9IiIgeG1sbnM6eG1wPSJodHRwOi8vbnMuYWRvYmUuY29tL3hhcC8xLjAvIiB4bWxuczp4bXBNTT0iaHR0cDovL25zLmFkb2JlLmNvbS94YXAvMS4wL21tLyIgeG1sbnM6c3RSZWY9Imh0dHA6Ly9ucy5hZG9iZS5jb20veGFwLzEuMC9zVHlwZS9SZXNvdXJjZVJlZiMiIHhtcDpDcmVhdG9yVG9vbD0iQWRvYmUgUGhvdG9zaG9wIENDIDIwMTUgKE1hY2ludG9zaCkiIHhtcE1NOkluc3RhbmNlSUQ9InhtcC5paWQ6MDdDMTBBREJERDU0MTFFNTlBOTFENTQwMEQ4NjA4MEUiIHhtcE1NOkRvY3VtZW50SUQ9InhtcC5kaWQ6MDdDMTBBRENERDU0MTFFNTlBOTFENTQwMEQ4NjA4MEUiPiA8eG1wTU06RGVyaXZlZEZyb20gc3RSZWY6aW5zdGFuY2VJRD0ieG1wLmlpZDowN0MxMEFEOURENTQxMUU1OUE5MUQ1NDAwRDg2MDgwRSIgc3RSZWY6ZG9jdW1lbnRJRD0ieG1wLmRpZDowN0MxMEFEQURENTQxMUU1OUE5MUQ1NDAwRDg2MDgwRSIvPiA8L3JkZjpEZXNjcmlwdGlvbj4gPC9yZGY6UkRGPiA8L3g6eG1wbWV0YT4gPD94cGFja2V0IGVuZD0iciI/PhX39gUAAA14SURBVHja7J0JUBRnFsdhuFEkRGDkkFuIHEY8IocIWjGuJ0HUssRky6V0tZLKoakNyJaJLigmazbJZlcWNZK4ulorgiaiQSNYAoJHQMliYIf7EtHlGGW42f8j/U21OCAiw/TAvCqc7p5xur/fvH7Hd7zW7unp0dLI8Iu2UMBmZ2dPnTBhgo+hoeE0/LkYGRnZ6uvrm+np6ZmKRCIDXV1do+7u7s6uri5ZR0fHw87OzhZsS2UyWVVra6sEf7ebm5uzfXx87oxpsNeuXXM0MTFZYWpqOt/MzMwHIMXD8b0AXdfQ0JDT1NR0SSqVnnnllVdKRz3YrKwsS3Nz8y0WFhahL7zwgqc2RMmn7AHkn+vr6xPv37+/38/P796oAgvt9LW1tY0Qi8W/0dHR0Vf0GdzeLQ8ePJAAQnVNTU3VnTt3qgsKCuqLioqkd+/ebSssLJRNnDhR18HBwcjZ2XmcpaWlIV5fnDp1qo21tbUtfiwbvO8C02Gs6PthNtrr6urOV1VVxUKLr6o12Nzc3EAAjUaj/elcj6lST083Gvoz5GZiYuJPhw8frmhra3uuizEwMNDesGGDXWhoqLenp+cs/JB0V4j6ajF+vCwAjvL29r6sVmChoa52dnZfTJo0aVFfoI2NjSUwCRdiYmIy8NqkTK3BrW8aFRU119fXdyHsuFNfwLgTfqioqHgXGlwkaLA3b97UgzPa6ejouBW3vAFPO3vKy8uzoZVJu3bt+kUVzmTHjh0vQZtft7e39+XbdpiIttLS0s/g7D6aOXNmh+DAAqqXi4vLCYCdyj9OQGNjY4/GxcWVCyEM2rx5s31EREQYAPvwjwPsneLi4rUzZsy4LRiwcDLvuLm5xUJLjXi3fPn+/fvjt2/fni/EAH737t1eW7Zs2YToxJ6nvTI4yQh3d/cvVQo2PT1d18nJKQH2NIwdQxDflZGRcXzlypWJ8PKdQs6OAFXn9OnTq+bOnbsWSYgOO15ZWXkM2vvboKCgzhEHi1vfGB7/LDxvEDv28OHD6o8//ngfRKJO6ee2bdtccN3bxo8fb8OOIWJJR+SwFHa3ZcTAXrlyxQLhzA/wtN58W7p48eLPEX+2aKmhIB42Pnfu3Ht824vkIhfh4KKAgIB6pYOl7AlQM5HXu/Di1TOzZ88+BBul1j068BHa169fD0d8u4Ida25ulgCu/7NmbaJntKnmMOxpPKg9aWlp38CTHlR3qJzz6qG2UJuobXSM2kptprYrBSw5Kg8Pj0QYfHcG9dSpU18tWLAgcbR1+VGbqG0MLrUZbU8iBsNuCpCh/JPv/WGP4pcsWfK91iiWs2fPLkUbf89jcBQM1g8bWDikd2HcP+elrCfnzJnzrdYYkJycnDeR8q7isXifz2LIYOGYXp42bVo2DLsh7ZeVlV1FhhU7GmzqYB2aRCKJcHBw8OXscOvt27d94OBuDdnGcgnAcQZVKpVWL1++/IuxApU5NGoz2l7FgTYkJk+ztwOCtba23o7c/yUuo+rcuXPnPoQeLVpjTKjNaPtnxID2iQnYRA3JFCCzsoMJKNDT0xvHJQVH582bd0JrDAu0dE1gYGCv8+ro6HgEk+COzKzimcDW1taetbKyWsI6VBwdHd/Da9dYBkt9C6WlpX/BqwPHKAWMlg7aFMBhzcN/WMz2qZdqrEPlFKwLLA6wfWJEoySD1tj6+voMbjiF+gCuwiPu0dKIXKC1kSxKoGEexmpAjc3Ly/PHB/16UytIbGzsMQ3Kx2Xv3r3HejiNBCtfYvZUja2pqfkOHm8Zi1lhWzXaqlhrKbb145h9D2bL+9VY6rkSi8Wvsf2DBw+e0iBULGCTxLaJGbHrF6y5uflmNu5Po6kxMTGFGoSKhdg0NDSUcEmDPk1E6Rcs7IU8J87IyEjV4BtYMjMzU3nsQhWCvXHjhpOZmZkn57S69uzZkznSF7ps2TLzlpaWw/Hx8b7qAJYYESvaJnY0H+0JsCYmJqStvePtdXV1BcqeTKEwqBaJtI2MjCZu3Lgxsri4+A8BAQGmQgZLjMDqPywQQKq7+gmwyCYW8XLj66q+aCcnp7kXL1786siRI/ME3o9wQxFDPlj5wODp06fzhHDR+vr6puvXr/8AYd/2V1991UyIYJOSknIVMRRx9tXTwMDAjHUuHDhwoFxIF08jpykpKX87ceLEAqGBPXToUAUxo21iSCzlYI2NjWfz0tn/Pu+sP2WInp7e+DVr1rxXVVX1ETk5oVwXsSJmbJ+x7AVraGj4Mnvj7t27ZUK2aTY2NjNx+32VnJy8iHr3hXBNfGaMJQPrzN6orKysFnqYo6uraxwcHPwWrnXXqlWrxKq+nvLy8moeWGc5WIQ48qk1CHPq1CVAt7Kyevn48eN/pdFUmnSswn4DOTPGUsR534nsjYKCggfqlP3QGBQNUVdUVOxGBGGtimvgMwNLczlYWvLD3pBIJFJ1TC8tLS09EhISvrxw4cLrcCCikTx3UVFRM8/JTpCDRcajzzPEbeqau1NnCOLd38Hm7UX2NnmkzltbW9vGvwY5WFqcxt6g1Snq3jlibm7uFhcX93l6evpqpOo6yj4f7vJWHlgjOVg2rDuaBHehXmBg4Bv5+fkfquT89E9XV5d8roCbm5vRaAJsa2s7Q9nncHFxMWTbNN1eDpbWpbI3Jk2aZDCawMLeKr1DCWGfAQ9su0KwoG8yGoBSA3/88ccELy+vT5V9LldX1wlsu6Ojo1kOtr29Xd736u7uPlHdoSJ3v7Nhw4Z3ESGcamlp6Vb2+fjMwPJ+b0DAdSRQStbb5eXo6ChWYy1tTU1NPRISEvL9SHYk8ZnJZLJqMzOzXzW2tbW1mL1hb29vo45QEX/nr1u37h1kYd+NdO8cnxljqcvt3OI5Lwd1Agr/IEtJSUlYuXLleVVNL+UzYyx7NRZ2SO45LSwspqiyQ+NZpKam5qfQ0NC3g4ODz6kKKrEiZmyfsewFO2vWrJ9x+zRwue44pIP2QgZKPfYnT5780s7ObueZM2fqVXkt4eHhdmyqKzEklnKwJI2NjfKxG2jAdKFCraysvLZixYq3V69efVEIM8vhKL0VMeSD/YFtUxEFAWqp9NixY59BS6PPnz8vmK5NDw+PmYoYysFKpdKTWty6JrFY7EFFFIRy8WVlZVkLFy58KywsLF1IPzYxguPy5HZ7mpqa/v0EWNiGEipMQ9va2to6kZGR/qq+cNispoSEhL2IE2MvX77cKLS7iBgRK9omdvyKSaI+GYt8laG/v/9rqrxoiURyOSgo6C1kUJlaAhUwWshj99jMzMfAUgkl1olANVSioqLcRvJCu7u7e5C53I+Pj4+ZMmXKvuzs7GahQiU2YOTM+iXA7u/895828TiLbkMtjTwhJSUlH4KNP8ds4InHJPfu3YtlTowK01ANFQ3Gx2XTpk12bDa31q/VkD7p+5n+FndksnUImunyT8qQFneQVFVVRTKtpS+IiYnx1OD8VaKjoz0YVGIEVtsVfW6wC+jKoLXvaxbQPbGA7hxjNCiN5QzyFjaLjr4oOTk5dKxrKzFgUIkNGG3u77P9gqU1ovh15MMaAQEBa6naz1iFunXrVmdiwLOzn/a3jnZAU0BCS8e9vb3z2QpwWlqONO6DsbYCnCoc5eTk/NnExMSW9pG6/pKbm+s1UF0uTSGIp4hSCkGQ0BcUFRVFsn06QVZW1htjRVuprbwogOZpRT4N6qA0lkllZeXRyZMnr2P7KSkp/1i6dOnZ0Qy1b7EdKs0HBmGD+b+DnpVHtf4QDF9h+zjhpsTExIWjFSq1jdrIT5qIwWD//zNViqOiXtOnT7/Mr72Vlpb27WirvXXp0qXQ+fPnv6nFrXtD/F6Ql5cXCGd1XylgOZujKcE3nKaACZ3g1q1bflRQkefgVuA2iaCwRJ1DKmoDHyq1kdo6lGr0Q5r5TNUpS0pK5lIpUHaMesIQ6+2jQFodg3+KU6kN7Bi1jdo4lEqcQzIFfRMIZ2fnb/jRAs21zcjIOBEcHHxS6H0LlPtTmkoZlUgk0uV7f5UV5uULlehzdXWNZUkE67ihwjQCLyW9keX+LPhHnEom7Yvn/f5hK35OGZqTk9O/FBQ/v4pGHI2Pj68QAlDqpMaPHca/7Vmailt/7WCC/xEFS8KV69/FleuXLxihwjSlpaVZX3/9dbKqqnYApmt4eHgIrs2vT7n+dq5c/w5Bluvny0APmICnLUbIdjE6OvqKsgcLfXx8JtADJmg0lQ388UR9HjChQIPnA/CfFA1d0CNRamtr82m9f1JSUt5wPhIlJCRkOs3msbKy8mTj/nyh4RQA/SM0NE1ZbR+Rh/hQXSpLS8sPxWLxooEe4oMGFwF2GexyFS2jLCws/B89xAfbMoDoXUuFH8oAt7MRnKWJm5vbizTpF/bSFhAd8AO69vcQH0Qr7dDQVBosRfao9LkKI/rYKcSKYtySm6kwDVd/ZsQeO4XXuDlz5ozYOmGVPSiNivtQHRqEO6/hbwYrRPG8QlMpEer9hL9Umo9GU6dU0T7BPNoP2uw+btw4X2NjYy9ams492u9FWudL8TF7KBA9dIfiTZiOpvb29gaZTFYJmCWPHj26jb+r0MoCIbRHW/MwSuXI/wUYAAFSYrKtcImyAAAAAElFTkSuQmCC)no-repeat;background-size:29px29px;}视频时长22:00籽岷：MC《虚无世界2第二集》-我的世界视频-爱拍原创v.baidu.com674条评价为您推荐：我的世界籽岷虚无世界第3集我的世界籽岷行尸走肉我的世界籽岷起床战争我的世界视频籽岷多人我的世界视频籽岷生存我的世界籽岷幸运方块我的世界籽岷动物空岛我的世界籽岷我是僵尸
None	10	0	385	1763.265625	1907.265625	我的世界★我的世界籽岷★Minecraft《籽岷的模组专题....wa-www-video-normal-abs{padding:08px;position:relative;}.wa-www-video-normal-abs:first-child{padding-left:0;}.wa-www-video-normal-abs:before{content:"";width:1px;height:14px;background-color:#eee;position:absolute;top:0;left:0;}.wa-www-video-normal-abs2{color:#333;}.wa-www-video-normal-abs:first-child::before{content:none;}.wa-www-video-normal-play{position:relative;}.wa-www-video-normal-play-icon-back{background-color:#000;opacity:0.4;height:15px;width:15px;position:absolute;left:5.5px;bottom:6px;border-radius:50%;}.wa-www-video-normal-play-icon{font-size:150%;color:#fff;position:absolute;left:2px;bottom:2px;}.wa-www-video-normal-no-gap{margin-bottom:0;}.wa-www-video-normal-gray{color:#999;}.wa-www-video-normal-play-type1{position:absolute;height:21px;padding:0px4px;bottom:4px;right:4px;color:#fff;font-size:10px;background:rgba(0,0,0,.5);border-radius:20px;}.wa-www-video-normal-play-type1.c-icon{position:relative;top:-1px;}.wa-www-video-normal-list.c-icon.wa-www-video-normal-play-icon,.wa-www-video-normal-list.wa-www-video-normal-play-icon-back,.wa-www-video-normal-list.wa-www-video-normal-play-type2,.wa-www-video-normal-list.wa-www-video-normal-play-type1{display:none;}.wa-www-video-normal-list.wa-www-video-normal-list-tag-wrap{margin-bottom:0;}.wa-www-video-normal-list-tag-wrapem{color:#ff6600;}.wa-www-video-normal-play-type2{position:absolute;height:30px;width:30px;top:50%;left:50%;margin:-15px00-15px;background:url(data:image/png;base64,iVBORw0KGgoAAAANSUhEUgAAAFYAAABWCAYAAABVVmH3AAAAGXRFWHRTb2Z0d2FyZQBBZG9iZSBJbWFnZVJlYWR5ccllPAAAAyhpVFh0WE1MOmNvbS5hZG9iZS54bXAAAAAAADw/eHBhY2tldCBiZWdpbj0i77u/IiBpZD0iVzVNME1wQ2VoaUh6cmVTek5UY3prYzlkIj8+IDx4OnhtcG1ldGEgeG1sbnM6eD0iYWRvYmU6bnM6bWV0YS8iIHg6eG1wdGs9IkFkb2JlIFhNUCBDb3JlIDUuNi1jMDY3IDc5LjE1Nzc0NywgMjAxNS8wMy8zMC0yMzo0MDo0MiAgICAgICAgIj4gPHJkZjpSREYgeG1sbnM6cmRmPSJodHRwOi8vd3d3LnczLm9yZy8xOTk5LzAyLzIyLXJkZi1zeW50YXgtbnMjIj4gPHJkZjpEZXNjcmlwdGlvbiByZGY6YWJvdXQ9IiIgeG1sbnM6eG1wPSJodHRwOi8vbnMuYWRvYmUuY29tL3hhcC8xLjAvIiB4bWxuczp4bXBNTT0iaHR0cDovL25zLmFkb2JlLmNvbS94YXAvMS4wL21tLyIgeG1sbnM6c3RSZWY9Imh0dHA6Ly9ucy5hZG9iZS5jb20veGFwLzEuMC9zVHlwZS9SZXNvdXJjZVJlZiMiIHhtcDpDcmVhdG9yVG9vbD0iQWRvYmUgUGhvdG9zaG9wIENDIDIwMTUgKE1hY2ludG9zaCkiIHhtcE1NOkluc3RhbmNlSUQ9InhtcC5paWQ6MDdDMTBBREJERDU0MTFFNTlBOTFENTQwMEQ4NjA4MEUiIHhtcE1NOkRvY3VtZW50SUQ9InhtcC5kaWQ6MDdDMTBBRENERDU0MTFFNTlBOTFENTQwMEQ4NjA4MEUiPiA8eG1wTU06RGVyaXZlZEZyb20gc3RSZWY6aW5zdGFuY2VJRD0ieG1wLmlpZDowN0MxMEFEOURENTQxMUU1OUE5MUQ1NDAwRDg2MDgwRSIgc3RSZWY6ZG9jdW1lbnRJRD0ieG1wLmRpZDowN0MxMEFEQURENTQxMUU1OUE5MUQ1NDAwRDg2MDgwRSIvPiA8L3JkZjpEZXNjcmlwdGlvbj4gPC9yZGY6UkRGPiA8L3g6eG1wbWV0YT4gPD94cGFja2V0IGVuZD0iciI/PhX39gUAAA14SURBVHja7J0JUBRnFsdhuFEkRGDkkFuIHEY8IocIWjGuJ0HUssRky6V0tZLKoakNyJaJLigmazbJZlcWNZK4ulorgiaiQSNYAoJHQMliYIf7EtHlGGW42f8j/U21OCAiw/TAvCqc7p5xur/fvH7Hd7zW7unp0dLI8Iu2UMBmZ2dPnTBhgo+hoeE0/LkYGRnZ6uvrm+np6ZmKRCIDXV1do+7u7s6uri5ZR0fHw87OzhZsS2UyWVVra6sEf7ebm5uzfXx87oxpsNeuXXM0MTFZYWpqOt/MzMwHIMXD8b0AXdfQ0JDT1NR0SSqVnnnllVdKRz3YrKwsS3Nz8y0WFhahL7zwgqc2RMmn7AHkn+vr6xPv37+/38/P796oAgvt9LW1tY0Qi8W/0dHR0Vf0GdzeLQ8ePJAAQnVNTU3VnTt3qgsKCuqLioqkd+/ebSssLJRNnDhR18HBwcjZ2XmcpaWlIV5fnDp1qo21tbUtfiwbvO8C02Gs6PthNtrr6urOV1VVxUKLr6o12Nzc3EAAjUaj/elcj6lST083Gvoz5GZiYuJPhw8frmhra3uuizEwMNDesGGDXWhoqLenp+cs/JB0V4j6ajF+vCwAjvL29r6sVmChoa52dnZfTJo0aVFfoI2NjSUwCRdiYmIy8NqkTK3BrW8aFRU119fXdyHsuFNfwLgTfqioqHgXGlwkaLA3b97UgzPa6ejouBW3vAFPO3vKy8uzoZVJu3bt+kUVzmTHjh0vQZtft7e39+XbdpiIttLS0s/g7D6aOXNmh+DAAqqXi4vLCYCdyj9OQGNjY4/GxcWVCyEM2rx5s31EREQYAPvwjwPsneLi4rUzZsy4LRiwcDLvuLm5xUJLjXi3fPn+/fvjt2/fni/EAH737t1eW7Zs2YToxJ6nvTI4yQh3d/cvVQo2PT1d18nJKQH2NIwdQxDflZGRcXzlypWJ8PKdQs6OAFXn9OnTq+bOnbsWSYgOO15ZWXkM2vvboKCgzhEHi1vfGB7/LDxvEDv28OHD6o8//ngfRKJO6ee2bdtccN3bxo8fb8OOIWJJR+SwFHa3ZcTAXrlyxQLhzA/wtN58W7p48eLPEX+2aKmhIB42Pnfu3Ht824vkIhfh4KKAgIB6pYOl7AlQM5HXu/Di1TOzZ88+BBul1j068BHa169fD0d8u4Ida25ulgCu/7NmbaJntKnmMOxpPKg9aWlp38CTHlR3qJzz6qG2UJuobXSM2kptprYrBSw5Kg8Pj0QYfHcG9dSpU18tWLAgcbR1+VGbqG0MLrUZbU8iBsNuCpCh/JPv/WGP4pcsWfK91iiWs2fPLkUbf89jcBQM1g8bWDikd2HcP+elrCfnzJnzrdYYkJycnDeR8q7isXifz2LIYOGYXp42bVo2DLsh7ZeVlV1FhhU7GmzqYB2aRCKJcHBw8OXscOvt27d94OBuDdnGcgnAcQZVKpVWL1++/IuxApU5NGoz2l7FgTYkJk+ztwOCtba23o7c/yUuo+rcuXPnPoQeLVpjTKjNaPtnxID2iQnYRA3JFCCzsoMJKNDT0xvHJQVH582bd0JrDAu0dE1gYGCv8+ro6HgEk+COzKzimcDW1taetbKyWsI6VBwdHd/Da9dYBkt9C6WlpX/BqwPHKAWMlg7aFMBhzcN/WMz2qZdqrEPlFKwLLA6wfWJEoySD1tj6+voMbjiF+gCuwiPu0dKIXKC1kSxKoGEexmpAjc3Ly/PHB/16UytIbGzsMQ3Kx2Xv3r3HejiNBCtfYvZUja2pqfkOHm8Zi1lhWzXaqlhrKbb145h9D2bL+9VY6rkSi8Wvsf2DBw+e0iBULGCTxLaJGbHrF6y5uflmNu5Po6kxMTGFGoSKhdg0NDSUcEmDPk1E6Rcs7IU8J87IyEjV4BtYMjMzU3nsQhWCvXHjhpOZmZkn57S69uzZkznSF7ps2TLzlpaWw/Hx8b7qAJYYESvaJnY0H+0JsCYmJqStvePtdXV1BcqeTKEwqBaJtI2MjCZu3Lgxsri4+A8BAQGmQgZLjMDqPywQQKq7+gmwyCYW8XLj66q+aCcnp7kXL1786siRI/ME3o9wQxFDPlj5wODp06fzhHDR+vr6puvXr/8AYd/2V1991UyIYJOSknIVMRRx9tXTwMDAjHUuHDhwoFxIF08jpykpKX87ceLEAqGBPXToUAUxo21iSCzlYI2NjWfz0tn/Pu+sP2WInp7e+DVr1rxXVVX1ETk5oVwXsSJmbJ+x7AVraGj4Mnvj7t27ZUK2aTY2NjNx+32VnJy8iHr3hXBNfGaMJQPrzN6orKysFnqYo6uraxwcHPwWrnXXqlWrxKq+nvLy8moeWGc5WIQ48qk1CHPq1CVAt7Kyevn48eN/pdFUmnSswn4DOTPGUsR534nsjYKCggfqlP3QGBQNUVdUVOxGBGGtimvgMwNLczlYWvLD3pBIJFJ1TC8tLS09EhISvrxw4cLrcCCikTx3UVFRM8/JTpCDRcajzzPEbeqau1NnCOLd38Hm7UX2NnmkzltbW9vGvwY5WFqcxt6g1Snq3jlibm7uFhcX93l6evpqpOo6yj4f7vJWHlgjOVg2rDuaBHehXmBg4Bv5+fkfquT89E9XV5d8roCbm5vRaAJsa2s7Q9nncHFxMWTbNN1eDpbWpbI3Jk2aZDCawMLeKr1DCWGfAQ9su0KwoG8yGoBSA3/88ccELy+vT5V9LldX1wlsu6Ojo1kOtr29Xd736u7uPlHdoSJ3v7Nhw4Z3ESGcamlp6Vb2+fjMwPJ+b0DAdSRQStbb5eXo6ChWYy1tTU1NPRISEvL9SHYk8ZnJZLJqMzOzXzW2tbW1mL1hb29vo45QEX/nr1u37h1kYd+NdO8cnxljqcvt3OI5Lwd1Agr/IEtJSUlYuXLleVVNL+UzYyx7NRZ2SO45LSwspqiyQ+NZpKam5qfQ0NC3g4ODz6kKKrEiZmyfsewFO2vWrJ9x+zRwue44pIP2QgZKPfYnT5780s7ObueZM2fqVXkt4eHhdmyqKzEklnKwJI2NjfKxG2jAdKFCraysvLZixYq3V69efVEIM8vhKL0VMeSD/YFtUxEFAWqp9NixY59BS6PPnz8vmK5NDw+PmYoYysFKpdKTWty6JrFY7EFFFIRy8WVlZVkLFy58KywsLF1IPzYxguPy5HZ7mpqa/v0EWNiGEipMQ9va2to6kZGR/qq+cNispoSEhL2IE2MvX77cKLS7iBgRK9omdvyKSaI+GYt8laG/v/9rqrxoiURyOSgo6C1kUJlaAhUwWshj99jMzMfAUgkl1olANVSioqLcRvJCu7u7e5C53I+Pj4+ZMmXKvuzs7GahQiU2YOTM+iXA7u/895828TiLbkMtjTwhJSUlH4KNP8ds4InHJPfu3YtlTowK01ANFQ3Gx2XTpk12bDa31q/VkD7p+5n+FndksnUImunyT8qQFneQVFVVRTKtpS+IiYnx1OD8VaKjoz0YVGIEVtsVfW6wC+jKoLXvaxbQPbGA7hxjNCiN5QzyFjaLjr4oOTk5dKxrKzFgUIkNGG3u77P9gqU1ovh15MMaAQEBa6naz1iFunXrVmdiwLOzn/a3jnZAU0BCS8e9vb3z2QpwWlqONO6DsbYCnCoc5eTk/NnExMSW9pG6/pKbm+s1UF0uTSGIp4hSCkGQ0BcUFRVFsn06QVZW1htjRVuprbwogOZpRT4N6qA0lkllZeXRyZMnr2P7KSkp/1i6dOnZ0Qy1b7EdKs0HBmGD+b+DnpVHtf4QDF9h+zjhpsTExIWjFSq1jdrIT5qIwWD//zNViqOiXtOnT7/Mr72Vlpb27WirvXXp0qXQ+fPnv6nFrXtD/F6Ql5cXCGd1XylgOZujKcE3nKaACZ3g1q1bflRQkefgVuA2iaCwRJ1DKmoDHyq1kdo6lGr0Q5r5TNUpS0pK5lIpUHaMesIQ6+2jQFodg3+KU6kN7Bi1jdo4lEqcQzIFfRMIZ2fnb/jRAs21zcjIOBEcHHxS6H0LlPtTmkoZlUgk0uV7f5UV5uULlehzdXWNZUkE67ihwjQCLyW9keX+LPhHnEom7Yvn/f5hK35OGZqTk9O/FBQ/v4pGHI2Pj68QAlDqpMaPHca/7Vmailt/7WCC/xEFS8KV69/FleuXLxihwjSlpaVZX3/9dbKqqnYApmt4eHgIrs2vT7n+dq5c/w5Bluvny0APmICnLUbIdjE6OvqKsgcLfXx8JtADJmg0lQ388UR9HjChQIPnA/CfFA1d0CNRamtr82m9f1JSUt5wPhIlJCRkOs3msbKy8mTj/nyh4RQA/SM0NE1ZbR+Rh/hQXSpLS8sPxWLxooEe4oMGFwF2GexyFS2jLCws/B89xAfbMoDoXUuFH8oAt7MRnKWJm5vbizTpF/bSFhAd8AO69vcQH0Qr7dDQVBosRfao9LkKI/rYKcSKYtySm6kwDVd/ZsQeO4XXuDlz5ozYOmGVPSiNivtQHRqEO6/hbwYrRPG8QlMpEer9hL9Umo9GU6dU0T7BPNoP2uw+btw4X2NjYy9ams492u9FWudL8TF7KBA9dIfiTZiOpvb29gaZTFYJmCWPHj26jb+r0MoCIbRHW/MwSuXI/wUYAAFSYrKtcImyAAAAAElFTkSuQmCC)no-repeat;background-size:29px29px;}视频时长18:00我的世界★我的世界籽岷★Minecraft《籽岷的模组专题懒人系列模组I》www.tudou.com1072条评价为您推荐：我的世界捕捉恐龙视频我的世界籽岷我是僵尸1我的世界视频籽岷模组我的世界视频多人生存我的世界籽岷幸运方块我的世界籽岷起床战争我的世界籽岷多人游戏我的世界怎么去末地
None	11	0	385	1917.265625	2140.265625	我的世界籽岷_相关人物.wa-sigma-celebrity-rela-scroller{white-space:nowrap;}.wa-sigma-celebrity-rela-entity{display:inline-block;vertical-align:top;}.wa-sigma-celebrity-rela-entity:first-child{padding-left:0px;}.wa-sigma-celebrity-rela-name{color:#00a;text-align:center;line-height:22px;white-space:pre-line;word-break:normal;word-wrap:normal;margin-bottom:2px;}.wa-sigma-celebrity-rela-reason{text-align:center;white-space:pre-line;word-break:normal;word-wrap:normal;font-size:13px;line-height:19px;margin-bottom:0;}.wa-sigma-celebrity-rela-comment{position:relative;height:21px;margin:0auto;width:60px;}.wa-sigma-celebrity-rela-comment.c-icon{display:inline-block;width:12px;text-align:center;}.wa-sigma-celebrity-rela-comment-graystar{position:absolute;color:#eee;}.wa-sigma-celebrity-rela-comment-redstar{position:absolute;color:#ff0000;white-space:nowrap;overflow:hidden;}.wa-sigma-celebrity-rela-nowrap{white-space:nowrap;}.wa-sigma-celebrity-coverWrap{position:relative;}.wa-sigma-celebrity-cover{width:100%;height:100%;font-size:25px;color:#fff;position:absolute;left:0;top:0;right:0;bottom:0;z-index:2;text-align:center;background:rgba(0,0,0,0.5);overflow:hidden;display:block;}.wa-sigma-celebrity-coverp{font-size:13px;text-align:center;line-height:12px;}.wa-sigma-celebrity-cover-inner{text-align:center;vertical-align:middle;position:absolute;top:50%;left:50%;height:44px;margin-top:-22px;margin-left:-26px;}@mediascreenand(max-width:335px){.wa-sigma-celebrity-rela-comment{width:50px;}.wa-sigma-celebrity-rela-comment.c-icon{width:10px;}}苦力娘我的世界游戏角色敖厂长优酷网游戏原创达人ch明明著名游戏解说玛丽罗斯其他名称小恶魔侍从张赢天被称为毒舌男孩的少年黛安动漫七原罪中的角色巨型狂暴形态僵尸反恐精英中的怪物老e热门视频网站游戏达人猿飞未来木叶忍者村的女忍者巴里·艾伦第二代闪电侠
