1	1	None	None	None	None	.sc_structure_web_piclist{line-height:20px}.sc_structure_web_piclist.multi-cut{display:-webkit-box;overflow:hidden;-webkit-box-orient:vertical}.sc_structure_web_piclist.inline-cut{text-overflow:ellipsis;overflow:hidden;white-space:nowrap}.sc_structure_web_piclist.clamp-2{-webkit-line-clamp:2}.sc_structure_web_piclist.clamp-3{-webkit-line-clamp:3}.sc_structure_web_piclist.clamp-4{-webkit-line-clamp:4}.sc_structure_web_piclist.w-box{display:-webkit-box}.sc_structure_web_piclist.flex-1{-webkit-box-flex:1}.sc_structure_web_piclist.result-list{margin:5px7px9px}.sc_structure_web_piclist.summary{color:#424242;font-size:14px;word-break:break-all}.sc_structure_web_piclist.breads{color:#717171;font-size:12px}.sc_structure_web_piclist.default-image{position:absolute;top:50%;left:50%;-webkit-transform:translate3d(-50%,-50%,0);transform:translate3d(-50%,-50%,0);fill:rgba(0,0,0,.04);width:54px;height:54px}.sc_structure_web_piclist.img-wrap{position:relative;top:3px;width:91px;height:73px;margin-left:7px;background-color:rgba(0,0,0,.04)}.sc_structure_web_piclist.img-wrap.pics{position:absolute;right:0;top:55px;padding:1px5px1px10px;-webkit-border-bottom-left-radius:10px;border-bottom-left-radius:10px;-webkit-border-top-left-radius:10px;border-top-left-radius:10px;font-size:11px;color:#fff;line-height:14px;background-color:rgba(0,0,0,.5)}.sc_structure_web_piclist.source{font-size:12px;color:#093;margin-top:2px}<symbolid="icon-sm"viewBox="002424"><pathd="M11.7212.502v.004h.01c0-.002-.003-.002-.006-.003h-.003zm5.033-2.908v-.016c.266-.488.402-1.11.42-1.6760-.03.013-.114.032-.148.04-.073.127-.19.253-.195.183-.007.13-.15.146-.328.016-.18-.01-.234-.235-.222-.164.008-.263-.06-.305-.1-.016-.015-.044-.06-.055-.078-.13-.212-.37-.365-.662-.477-.065-.156-.136-.303-.21-.44.126-.122.26-.272.407-.4841.548-2.233.124-4.838-.1-5.05-.228-.214-.83-.594-.915.808-.091.534-.7582.904-.933.233l-.095-.04c-.41-.305-.754-.487-.754-.487s.202-.227.28-.54c.106-.433.102-.994.102-.994-.273.53-1.098.89-1.098.89.217-.2.107-1.355.107-1.355-.5671.198-1.8321.697-1.8321.697.194-.255.105-1.266.105-1.266-.09.31-.8461.117-2.1041.694-.32.146-.588.296-.83.445-.226-.5-.787-1.867-.87-3.272-.083-1.4-.686-1.02-.912-.808C6.475.65.053.2026.65.435c.143.206.273.353.397.475-.1.19-.14.322-.158.344-.004.004.024.01.08.018l-.004.008c-.394.116-.73.293-.888.57-.007.013-.03.05-.05.067-.043.04-.137.1-.293.094-.226-.01-.25.042-.235.223.016.178-.036.32.146.327.112.003.188.097.23.17.026.046.04.147.04.18.008.584.1341.228.4051.72-1.7351.485-2.853.673-2.856.13504.4723.638.18.1068.14.47808.106-3.6288.106-8.10-2.478-1.123-4.685-2.88-6.17zM6.6515.22c-.1341.414-.373.44-.4164.737-.926-1.155-1.483-2.62-1.483-4.2140-1.734.663-3.3061.74-4.5.012.068.024.133.03.208.048.457.222.832.133.77zm.524-5.373c-.576-.367-.882-1.47-.806-2.268.067-.708.586-.9382.136-.947h.035c.96501.61.2622.033.75.133.152.08.655-.031.01-.13.428-.353.835-.6451.177-.428.5-1.08.576-1.457.576-.4820-.98-.117-1.266-.3zm5.2152.733h.005-.007c-.17.09-.395.157-.656.206-.09.087-.133.182-.254.25-.126-.07-.166-.17-.265-.26-.252-.047-.474-.11-.642-.194l-.012-.002h.01c-.655-.33-.723-.848-.68-.804.503.52.693.631.053.686.165-.014.28-.117.357-.248.15-.646.004-1.022-.173-1.246-.152-.107-.36-.248-.457-.42-.03-.03-.06-.07-.063-.086-.004-.034.007-.058.007-.0880-.004-.003-.008-.003-.013h.005c.015-.29.248-.438.526-.438.050.1660.29.004.188-.006.363-.004.42-.004.280.518.148.533.44h.006c0.003-.004.007-.004.0120.03.012.054.007.088-.002.018-.035.054-.064.085-.123.213-.42.375-.557.495-.154.227-.256.592-.1241.17.077.134.19.243.358.258.357-.056.545-.1671.046-.69.045-.043-.023.47-.66.8zm3.44-2.734c-.286.183-.784.3-1.27.3-.3750-1.07-.075-1.5-.576-.277-.325-.49-.707-.62-1.1-.12-.373-.244-.9.056-1.187.28-.27.63-.466.98-.55.283-.066.615-.1.985-.1h.04c1.55.0082.066.2382.134.945.078.8-.2281.902-.8042.268zm1.0659.973c-.04-1.293-.282-3.37-.42-4.813-.087-.91.072-3.16.124-3.7071.041.1871.6742.741.6744.44301.533-.5182.943-1.384.076zm-5.666-7.322v-.004l-.01.003h.01z"/></symbol>sm.res2ls("ls[xbZ]","1","symbol")=dl?浀浫汈=.dl?衖辸唰》=dl?有卋導夝曳=.dl?《丁吭尰昮月敄亊皅亻,韲乑辿亻///sm.helper.deutf8("_tm1_1_1","_tr1_1_1");韲乑辿亻吉雇；翺唰丁箨筑;=dl?浀浫汈=.dl?衖辸唰》=dl?有卋導夝曳=.dl?《丁吭尰昮月敄亊皅亻sm.helper.deutf8("_am1_1_1","_ar1_1_1");200个视频w/pp/bnlsm.helper.deutf8("_hm1_1_1","_hr1_1_1");sm.runsc('structure_web_piclist','#sc_structure_web_piclist_1_1');
2	2	None	None	None	None	=dl?浀浫汈=.dl?衖下漕唰=dl?有卋導夝曳=.dl?－唰皅眞忂丌锘－奼沦桐＀介旤///sm.helper.deutf8("_tm_1_2","_tr_1_2");=dl?浀浫=.dl?歍扊氹违毕丬囼邢亚仁义壱韲奼吭凡倌〃月眊迆敵牉宍皅尰矤遒昮丫漕呙亇!弁夵令主眞皅!吏靣趋杤趋偆sm.helper.deutf8("_am_1_2","_ar_1_2");toutiao.com 
3	3	None	None	None	None	=dl?浀浫汈=.dl?衖辸唰》=dl?有卋導夝曳=.dl?《丁吭尰昮月敄亊皅亻,介旤夵杠///sm.helper.deutf8("_tm_1_3","_tr_1_3");3107.17.33!4丆欠!月敄亊皅亻＀偆妃仗昮眞皅也丑成徉欢赎仗－吏杤眊亇叧丁丫觇颐扌仗妉毕///sm.helper.deutf8("_am_1_3","_ar_1_3");toutiao.com 
4	4	None	None	None	None	=dl?浀浫汈=.dl?唰皅》=dl?有卋導夝曳=.dl?《趄奼吭,圩纾觃眊,烬炸,乑觇觇颐sm.helper.deutf8("_tm_1_4","_tr_1_4");=dl?浀浫汈=.dl?唰皅》=dl?有卋導夝曳=.dl?《趄奼吭-=dl?浀浫汈=.dl?唰皅》=dl?有卋導夝曳=.dl?《趄奼吭sm.helper.deutf8("_am_1_4","_ar_1_4");www.le.com 
5	5	None	None	None	None	】=dl?浀浫汈=.dl?衖辸唰》=dl?有卋導夝曳=.dl?《丁吭尰昮月敄亊皅亻【敘佡///sm.helper.deutf8("_tm_1_5","_tr_1_5");亇觢=dl?浀浫汈=.dl?衖辸唰》=dl?有卋導夝曳=.dl?《丁吭尰昮月敄亊皅亻－尰下徯俠啧〃▻毎旤曵斱兲亏栽斖　歧朮　衖夵阳躪　///sm.helper.deutf8("_am_1_5","_ar_1_5");m.weixinla.com 
None	6	None	None	None	None	=dl?浀浫汈=.dl?玱圻漕经》=dl?有卋導夝曳=.dl?《毕厞唰这奼吭,髙渄觃眊,腿议///sm.helper.deutf8("_tm_1_6","_tr_1_6");=dl?浀浫汈=.dl?玱圻漕经》=dl?有卋導夝曳=.dl?《毕厞唰这奼吭!盹兲掩荑!下伡耄具宂觇颐!务兤眊協!徯俠!PP!PP穻闵!腿议///sm.helper.deutf8("_am_1_6","_ar_1_6");v.qq.com 
None	7	None	None	None	None	】觇颐実拌【宍敵牉；=dl?浀浫汈=.dl?衖辸唰》=dl?有卋導夝曳=.dl?《丁吭///sm.helper.deutf8("_tm_1_7","_tr_1_7");亇觢】觇颐実拌【宍敵牉；=dl?浀浫汈=.dl?衖辸唰》=dl?有卋導夝曳=.dl?《－丁吭尰昮月敄亊皅亻－尰下徯俠啧〃DOE―月哀　月趢///sm.helper.deutf8("_am_1_7","_ar_1_7");m.weixinla.com 
None	8	None	None	None	None	=dl?浀浫汈=.dl?唰皅》=dl?有卋導夝曳=.dl?《眞皅－倽徖，烬闩，癿怜丌徖姑sm.helper.deutf8("_tm_1_8","_tr_1_8");癿怜丌徖姑宙罐主夦宷切亪&=dl?浀浫汈=.dl?唰皅》=dl?有卋導夝曳=.dl?《眞皅－倽徖&盹兲皅烬闩－夦宷叮令尰&=dl?浀浫汈=.dl?唰皅》=dl?有卋=.dl?///sm.helper.deutf8("_am_1_8","_ar_1_8");www.budejie.com 
None	9	None	None	None	None	】觇颐実拌【宍敵牉；=dl?浀浫汈=.dl?衖辸唰》=dl?有卋導夝曳=.dl?《丁吭///sm.helper.deutf8("_tm_1_9","_tr_1_9");DOE―月哀　月趢　月眊夵―】眞箠乏【镾挈上囿诇刪亍绵砀眊曵夛月趢觇颐sm.helper.deutf8("_am_1_9","_ar_1_9");m.weichale.com 
None	10	7	378	1280	1405	.sc-footer{display:block;box-sizing:border-box;height:35px;text-align:center;border-top:1pxsolid#e0e0e0;background-color:#f9f9f9;font-size:12px}.sc-footer>span{display:inline-block;position:relative;padding-right:10px;margin:0auto;color:#666;line-height:34px;vertical-align:middle}.sc-footer>span::after,.sc-footer>span::before{content:"";font-size:0;height:0;width:0;position:absolute;top:50%;right:4px;content:"";display:inline-block;width:6px;height:2px;background:#ccc;margin-top:-1px}.sc-footer>span::after{-webkit-transform:rotate(60deg);-webkit-transform-origin:right90%}.sc-footer>span::before{-webkit-transform:rotate(-60deg);-webkit-transform-origin:right10%}.sc-footer.web-site{color:#717171;padding:07px;float:left}.sc-footer.web-site,.sc-footera{font-size:13px;line-height:34px}.sc-footer>a{display:inline-block;float:right;position:relative;padding:7px10px6px0;margin:07px00;line-height:21px;vertical-align:middle}.sc-footer>a::after,.sc-footer>a::before{content:"";font-size:0;height:0;width:0;position:absolute;top:50%;right:2px;content:"";display:inline-block;width:6px;height:2px;background:#294EEE;margin-top:-1px}.sc-footer>a::after{-webkit-transform:rotate(60deg);-webkit-transform-origin:right90%}.sc-footer>a::before{-webkit-transform:rotate(-60deg);-webkit-transform-origin:right10%}.sc_structure_short_video.video_wrap{position:relative;margin:11px8px10px}.sc_structure_short_video.video_wrap,.sc_structure_short_video.video_img{overflow:hidden;display:-webkit-box}.sc_structure_short_video.video_img_wrap{-webkit-box-pack:center;display:-webkit-box}.sc_structure_short_video.video_img{position:relative;width:116px;height:81px}.sc_structure_short_video.video_img.tag:before{display:inline-block;content:"";position:absolute;top:-1px;right:-18px;width:0;height:0;border-left:24pxsolidtransparent;border-right:26pxsolidtransparent;border-bottom:24pxsolid#09b800;-webkit-transform:rotate(46deg);transform:rotate(46deg)}.sc_structure_short_video.video_img.tag{display:inline-block;position:absolute;top:4px;right:0;font-size:12px;color:#FFF;-webkit-transform:rotate(50deg);transform:rotate(50deg)}.sc_structure_short_video.video_time:before{display:inline-block;content:"";position:absolute;left:5px;top:5px;width:0;height:0;border-top:5pxsolidtransparent;border-left:8pxsolid#FFF;border-bottom:5pxsolidtransparent}.sc_structure_short_video.video_time{position:absolute;left:1px;right:0;bottom:0;color:#FFF;text-align:right;padding-right:5px;background:rgba(0,0,0,.3)}.sc_structure_short_video.video_img_thumb{border:1pxsolid#f6f6f6}.sc_structure_short_video.video_content{overflow:hidden;font-size:17px;line-height:20px;-webkit-box-flex:1;margin-right:5px}.sc_structure_short_video.video_content_text_hasImage{min-height:40px}.sc_structure_short_video.video_content_text_hasImage.no-time{min-height:26px}.sc_structure_short_video.video_content_text{margin-right:4px}@mediaalland(-webkit-transform-3d){.sc_structure_short_video.video_content_text{white-space:normal;-webkit-line-clamp:2;display:-webkit-box;overflow:hidden;text-overflow:ellipsis;-webkit-box-orient:vertical}}.sc_structure_short_video.source{position:relative;top:3px;color:#093;font-size:12px}.sc_structure_short_video.winfo{position:relative;margin:6px00;color:#717171;line-height:14px;overflow:hidden}.sc_structure_short_video.winfop{font-size:13px;margin-bottom:4px}.sc_structure_short_video.winfo_author{float:left}.sc_structure_short_video.winfo_concern{float:right}.sc_structure_short_video.winfo_concern.count:before{content:"";position:relative;left:-3px;display:inline-block;width:12px;height:8px;background:url(data:image/png;base64,iVBORw0KGgoAAAANSUhEUgAAABgAAAAPCAIAAABxxpiMAAAAGXRFWHRTb2Z0d2FyZQBBZG9iZSBJbWFnZVJlYWR5ccllPAAAAchJREFUeNqEk9mrQVEUxp3jmilTJFPm5OmWZ/nbPct9kjJmCmUqJIT7Y9dpO457VzktX+v79hqV+/1uerXr9bpYLJbL5W63Ox6P5/MZ0Gq1OhwOj8cTDAbD4bDZbNaxFFnodDp1u93JZIKW6bOhEovFstmszWYzEBqNRq1WS0j4/f5QKHQ4HMbjsRYaj8fdbjfJrtdrIVcsFhOJxItQs9kcDoc4kUgkl8tBQKVWq8n5KopSqVRcLtd+v+90OrPZDDCZTJZKJRyVX7vdRoUXvp+GCiAFohKNRqvVKl8Q/gLiECAioUCE/hDabre9Xo/XyuUy6Wjvr1YrviTvdDr5yqAwgqGoqkpbEVFR4al0Oh0IBOSOUtp7m3UglFQqhYOIKh4Ryct2uVxE1bRfJK+BsjE+kekXqgxiOp0WCgU5wmKxQBs9TQZ1QqJriKiZTAav3+/L9WNM5700HQhlMBjgIKJ6vV5WizbV63UxUa3+dyEZnM/nUG63GyqIPMafz+fZK3rx8zTWRBTPKF+OQFFERwggrNFoQGFLoRtvNgSfz8dBQTDc7M1mA8t4s7VbY2Vp/L+3xpRpiN1uNz7aT9fP1jEvaH9c/68AAwDAgyz+4tXYyAAAAABJRU5ErkJggg==)no-repeatcenterleft;background-size:12px8px}.sc_structure_short_video.winfo_author_profile{width:15px;height:12px;display:inline-block;background:url(data:image/png;base64,iVBORw0KGgoAAAANSUhEUgAAAB4AAAAYCAMAAADat72NAAABX1BMVEUAAAD1gwb/tQDgGQ//tQDgGQ//tQDgGQ/gGQ//tQDgGQ/gGQ//tQDgGQ/gGQ/gGQ/gGQ//tQDgGQ//tQDgGQ/gGQ//tQDgGQ/gGQ/gGQ//tQD/tQDgGQ//tQD/tQDgGQ//tQDgGQ//tQDgGQ/gGQ//tQD/tQDgGQ/gGQ//tQDgGQ/gGQ/gGQ/gGQ/gGQ//tQD/tQDgGQ//tQDgGQ//tQDgGQ//tQDgGQ/gGQ//tQDgGQ/gGQ/gGQ////8AAAD/tQDhIBYPDw/++Pj98O/5zcvExMT2ureJiYlQUFDnS0PkNy8EBAT7+/v98/Pz8/P86Ofl5eX75eTd3d3T09PMzMz3w8DzpaGamprxmpaRkZHvjIfsc21iYmLpXFU9PT0nJyfiKR/29vb74N+0tLSrq6v0q6fwko3wj4qCgoLtfHd3d3d0dHTraGLrZ2HoV1BJSUnlQjkzMzPjLyYeHh4YGBhCDEKvAAAAPHRSTlMAAv4N+e3c0spJMxsW+vbz2djDq6mjgnBfTzseFRHx5uXdz7WYjYWBdWw9KwcB7+rIopKKdWlgWUUqKBA130z5AAABkUlEQVQoz3XRZ1MCMRCA4T06CApSLdh773WT0FWw90Kx967/f9zkvAFGeb9lnksyt4F/WrSZLF19LVCjZpOgLCGthrujbqffJPxVbl5oMkM5Z5sIlVd1PfWI1mGQDXbYeqPgNFmM+0fDDSjrUau5iQ7hi4Jf9Om63I16QQCtzmUGLSR6wSm6lLba8bfZoUkrYkP/qDbugxbRptSLRmOoNw8+G7iFhXTEgX8agJlBaBY24iDKYs+HqZ3kVup4DakhfTxTABGkzm83mNFBFruXzNLdGrRaSdd2GNs+uj/ZU76VRfQE9BH1S02w9accp1Y3pWeQmlbsoGsvGcuTKZeciBHbFdPZL4ztcx6P565KnKvzJXsV0zDvGFvh+fXN4mOc82vSFFIBxY2IZ4yd8LT8htonLkhuUhyhv0qy3dzbbvqLtEh6KtWuKdZoeyHBjriqtM02zqTWu4yH7kR8P2Dp1e/4x8pF8vhTKR1tOO3H7MNhJnNz+hpDmdcF5bSIHSvrDI9AdcPhoKPdg552R2CgcucPJL5nhVte7fAAAAAASUVORK5CYII=)no-repeat;background-size:15px12px;margin-right:3px;vertical-align:top}.sc_structure_short_video.play{position:absolute;top:50%;left:50%;-webkit-transform:translate(-50%,-50%);transform:translate(-50%,-50%);width:48px;height:48px;background:url(data:image/png;base64,iVBORw0KGgoAAAANSUhEUgAAAGAAAABgCAMAAADVRocKAAAAjVBMVEUAAAAAAADy8vIAAAD////k5OQ0NDQAAABEREQAAADZ2dn7+/uUlJQkJCQAAADNzc0AAAAAAAAAAAAAAAAAAABVVVUAAADp6emlpaUAAAAAAAD19fVgYGCysrLm5uacnJwVFRX5+fnT09Ph4eGrq6uhoaF3d3fExMS7u7uJiYne3t7Pz8/t7e0AAAD///9k04CCAAAALnRSTlNmAO1f/tx0Inkq0PqdbxnFO1VFCwaAWOKnTwLyhK/foWv1ytmqpI69tpbVxuc08l3K8QAABFFJREFUaN6klul6qjAURXcFAijzpKCWOmvby/s/3u3BmFDLEGH99IMsztkniXhTIvHsIMozTQM0LcujwPYStTcVBIkZhGghDMxkuiC2c/SQ2/EkgRlhkMgcKyjsEEqEdjFCUNgZlMmkQlXgPX29ddv6h+/1rlrsZsuDv71ZT1V4LwmSAA2Y48+qP8x8h6FBkKgLTA0Cd2XoVQe6sXIh0ExFQRFAkPqLqpeFnzaKKFQEsRz8zVwXDZlfy3PKXHwwa3Mur/OZKGO+kdsiHhZ4msh1/1jeWKX4Q7oyHoq9JdrkDQlMPDjy5iy3DB2w7ZI36thpQMf6lsE/3kEvzuM5UYTZI5Dr33aN5ZUUuxs4dqdArn+pu78+QYnTuk7i0loDWvL92FfEF4Mi7Ksi5h8yhzZBzNd3DxVxxAscK+LgckPcJkhCvv6ynh0HL+Hc3+KGMGkRBLw/7/TkJ8OLsE967513KZCC54DndTfxCm1vmkLwFMBFPjXOcJEx/BJEvJV1fzCSuks8vOi3wOP7d0F9dDESl/Jb8D3tNQUFn6A64A1Gs9HpA/kkFQ2B3ZjmEyZwohVWqLGloMhkg3xMwqdjiYHIirtAFrCn84dhEtaODhleghDcC0h1Wd4YZJv19F7CQ2DKAgxMhk7vvdxtJIhkAQ4m48gSorsglvFQAZMx5KjEJOARuzRCJXrY+xZUKGm3uTxmEuRigpfoY1btSqiwFMOSkyCRhW37BXSlqBSxlc1O3sBniFHE1qCA/qAMYlHMjM8R+EVTSmuPgDDS4ZhFnMGPIBSbYDUsIBZbDLASWyF8A49gTR1SERDLzXCP1jwEeOKnGZQEhH796H9UfK4HE8SNLsphgeT7PHR53kDY+Ccm66ogkOgXF51cxcwHiMQ5USoJJLPuIkpxWkTIQdCfubOiQPLVVcSZ9iSIHBmI759fUlWBZO2glZRSApFBE1PKXhXIP7zPMDGnGhfQRee+LujanS7dzFxwh04ijBJc0AaNGZr8b9baVhAEguhAYqahYCBCIj5kWEb//3lhhYcWZGbWHfLNJwd091xnIoNOP2CJA7sJUT6PK/9BNBD7D3C3xQNYUALy7KiaSagRD2BhtZnpsfK6aCAG/qJ5Q0VWE0mgwhfs7gmRCOy84BrygodrL8JJYyIx4egp83wjklOmhvSB0XLSV8kWsIxctvwKr5gZsMiTLlBAeOmk4+Mq9CCQjhC/NSt+h0tHHuIX8h3Yu96BQL7DgIwhDcgIA2JuoWAC00AmEKizn20scoA+iI1tYGNDG/HYNeL2UYJ9GOLGOVGwOMcqkPpSdW4dqZmHgtaxpnUwy0bLbaM8P60TLfPheK86/xEbjuOsUpe+JxTyeL9w4n2+oHjqCwpYkXy5YjnMoJ5pK5bsiAJkeQAmJK2uJGpRElnXXNZF3f+rxnVl6Tbq3ukzlfrCujxtqXI3XhrA2oP49dtc3BCunmx9eWb1+s8LkU4EHXPp/58AAAAASUVORK5CYII=)no-repeat;background-size:48px48px}流浪汉现场演绎《月半小夜曲》比原唱还好听—在线播放—...时长：02:03发布时间：2016-06-17v.youku.comsm.runsc("structure_short_video","#sc_structure_short_video_1_10",{});
