1	1	7	378	6	425	炒饼的做法介绍_百度经验最佳炒饼的做法介绍,炒饼也是北方菜。烙好的大饼切得细细得像面条一样，用豆芽、肉一起炒，便是一道方便可口的...提及炒饼,烙饼,火腿肠,切丝,鸡毛菜,适量百度经验 2012-12-120素炒饼的做法_百度经验素炒饼的做法,这是一道简单又家常的菜，其实应该算是主食了哈，有菜有主食，管饱还好吃，真的是越家常，越...提及炒饼丝,素炒饼,辣椒油,烙饼,卷心菜,白菜丝,酱油,拌匀,锅底,肉丝百度经验 2012-02-030炒饼的做法？百度知道 2013-11-260查看400条问答
None	2	7	378	431	475	您可能感兴趣暂时没有数据,刷新重试
None	3	7	378	481	821	炒饼热门做法榨菜时蔬炒饼主料:胡萝卜榨菜盐葱花大头菜蒸饼紫橄榄肉丝炒饼主料:圆白菜黄瓜盐鸡精生抽烙饼葱猪里脊肉干辣椒淀粉料酒老干妈炒饼主料:盐生抽香油葱花饼丝蒜蓉老干妈辣椒酱圆白菜丝香哈菜谱查看更多
4	4	-9995.580078125	-9979.3681640625	-9999.2138671875	-9975.1337890625	
None	5	16	132.734375	1054	1077	2012年10月05日 - 
None	6	309.75	370	1285	1301	15张图片
None	7	0	385	1344	1680	炒饼的推荐做法-豆果网用料： 面粉:适量盐:少许油:少许水:适量步骤：1和面的方法与叠饼的方法完全与我之前做过的千层肉饼一样.只是在这里肉馅改成了色拉油而己.2这里再仔细介绍一下九宫格的叠法。面饼擀开后如图.1折到2.3压上.折到5.4压上.6再折上.依次是8.7.9.整形擀开.下锅烙即可.炒饼的做法大全
None	8	7	378	1686	1878	炒饼的做法（约32个精彩视频）酷64年前家常炒饼的做法优酷1年前视频:家常炒饼的做法酷63年前好吃又好学家常炒饼的做法教程糖豆2周前炒饼的做法家常炒饼的做法蛙趣7个月前【美食】炒饼的做法家常炒饼的做法酷64年前美味炒饼的做法做法家常味道好加载全部
None	9	17	123.03125	2006	2020	m.meishichina.com 
None	10	-9995.580078125	-9979.3681640625	-9999.2138671875	-9975.1337890625	
None	11	7	378	2208	2333	53%的人还搜了豆芽炒饼丝的做法炒饼的家常做法鸡蛋炒饼鸡蛋炒饼的做法
None	12	17	101.015625	2461	2475	m.tulaoshi.com 
