None	1	None	None	None	None	所有年级所有字数所有文体学校里的大朴树散文初三;九年级-500字致爸爸妈妈的一封信书信四年级-500字秋天写景五年级-500字我眼中的四季写景初三;九年级-500字秋天散文初三;九年级-500字郁金香状物四年级-500字秋天的田野想象五年级-500字秋天来了写景三年级-500字秋之美景写景六年级-500字秋天的田野写景四年级-500字秋雨写景初一;七年级-500字蝴蝶与蚂蚁寓言四年级-500字秋天来了写景四年级-500字秋雨写景五年级-500字秋景写景四年级-500字秋其他四年级-500字秋天来了写景三年级-500字我的小天地写景五年级-500字风状物初一;七年级-500字秋天的田野写景四年级-500字秋天写景五年级-500字美丽的秋天写景三年级-500字回忆秋天写景四年级-500字秋天的色彩写景四年级-500字秋天的雨写景三年级-500字秋写景四年级-500字我们眼里的秋天写景四年级-500字我有一个“朋友”写景五年级-500字秋天的梦写景五年级-500字美丽的秋天写景五年级-500字秋天的果实写景四年级-500字美丽的秋天写景二年级-500字秋姑娘来了写景三年级-500字秋天的叶子状物三年级-500字秋天的校园写景五年级-500字叶叙事五年级-500字秋之韵写景三年级-500字秋天的校园写景四年级-500字秋写景四年级-500字美丽的秋天写景三年级-500字秋天写景三年级-500字秋天写景四年级-500字梦幻的秋散文高一-500字竹子的无私状物六年级-500字金色的秋天写景四年级-500字秋天写景五年级-500字秋写景初一;七年级-500字秋天来啦写景五年级-500字家乡的秋天写景五年级-500字寻找秋天写景四年级-500字1/10
None	2	0	385	399	516	秋天的作文500字7篇作文三:秋天的收获秋天,不像春天那样万紫千红,也不像夏天那样生机盎然,更不像冬天那样粉妆玉砌,但是...学优高考网-www.gkstk.com
3	3	0	385	522	687	秋天的作文|关于秋天的作文|描写秋天的作文-乐乐课堂秋天的作文大全,如《秋之叶》、《秋姑娘的脚步》、《秋天的梧桐叶》。天渐渐凉了,太阳似乎离我们越来越...m.leleketang.com
None	4	0	1	366	367	
4	5	0	385	693	988	关于秋天的作文500字的相关问答_搜狗知识关于秋天的作文500字_百度知道3个回答[满意答案]秋天的梦当田野卷起金色波浪的时候;当麦子向我们鞠躬的时候;当果实散发出香甜的气味的时候;当大雁依依不舍地飞向南方的时候,秋天这位带给我们丰收和欢乐的使者,迈着轻盈的步伐向我关于秋天的作文500字左右_百度知道25个回答关于秋天的作文,500字_百度知道2个回答查看更多
None	6	19	366	995	1116	90%的人还搜了家乡的秋天作文500字秋天的景色作文500字秋天500字作文秋天的田野作文500字
None	7	19	336	1132	1156	去搜狗问问提问：
None	8	0	1	366	367	
None	9	0	1	366	367	
None	10	0	385	1375	1492	关于秋天的作文:秋天_500字_作文网秋天太迷人了,果实累累,丹桂飘香,让我们欢迎秋天,尽情欣赏这美丽的景色,加入它们的队伍,像小鸟一样...中小学生作文在线-m.zuowen.com
None	11	0	385	1498	1731	秋天的作文500字_百度文库秋天的作文500字篇一:>秋天的作文500字秋天是一个美丽和凉爽的季节.秋天不像春天那样百花争艳,芳香怡人;也不像夏天那样有那么多的小生灵在歌唱;也没有冬天那...百度文库3页关于秋天的作文500字-豆丁网豆丁网2页关于写秋天的小学作文500字_百度文库百度文库1页
None	12	0	385	1738	1903	秋天的作文300字_关于秋天的作文400字_500字_600字_200字_作文网秋天的作文栏目提供秋天的作文300字、秋天的作文400字、秋天的作文500字、关于秋天的作文600字等,欢迎...中小学生作文在线-m.zuowen.com
None	13	None	None	None	None	秋天的作文_秋天的作文300字,200字,400字,600字,500字_关于...阅读全文关于秋天的作文小学生写秋天的作文200字...阅读全文五年级叙事作文500字秋游沙家浜的作文秋季...5068儿童网-m.5068.com
None	14	0	385	2058	2201	秋天作文500字500字__秋天话题_日记_关于秋天的作文秋天作文500字秋天不像春天那么绚丽夺目;也不像夏天那么骄阳如火;更不像冬天那么银装素裹。但是,秋天...wap.0s.net.cn
None	15	0	385	2207	2371	关于'我爱秋天'的作文500字_搜狗问问1个回答   提问时间：2011年02月09日最佳答案虽然现在已经是深冬了,可我还是那么怀念秋天.美丽的秋天是多么令人怀念啊!步入公园,看到一片火红的枫林,每一簇都那么可爱,那么充满活力.就象早晨刚初升的太...搜狗问问-wenwen.m.sogou.com
