None	1	0	385	10	257	手机wipecachepartition具体详细步骤_百度知道首先关机,然后按住手机的音量下键同时按住开机键就可以进入recovery模式里面就有wipecachepartition...wipecachepartition什么意思1个回答wipecache只是清除缓存,wipedata/factoryset不但能清除缓存还能恢复出厂设置?1个回答wipecachepartition是什么意思啊?2个回答百度知道为您推荐：applyupdatefromcacheapplyupdatefromadbmountsandstorageapplyupdatefromcachedeletealluserdata什么意思touchscreenfirmwareupdateviewrecoverylogsgioneecheckroot
2	2	0	385	267	411	刷机时wipecachepartition什么意思?-..._安卓中文网2012年2月7日 - 对于那些初次刷机的用户们来讲,有很多英文大家都不熟悉,比如就有人问刷机时wipecachepartition...m.android.tgbus.com32条评价为您推荐：rebootsystemnow什么意思wipedatafactoryresetapplyupdatefromcacheapplyupdatefromadbapplyupdatefromcachetouchscreenfirmwareupdatedeletealluserdata什么意思wipedatafactoryreset是什么意思
3	3	0	385	421	616.71875	wipe+cachepartition相关百度经验组图  对刷机感兴趣的朋友们一定看过了不少的刷机教程，不过一般刷机教程都要求刷机前要双清，很多朋友对此有疑惑刷机为什么要双清呢？感兴趣的你可不要错过了哦，希望本文对你有所帮助。1234百度经验为您推荐：双清和恢复出厂设置有什么区别手机双清和恢复出厂一样吗小米双清双清系统对手机有害吗三星手机双清红米双清教程华为手机双清手机双清后会怎样
None	4	0	385	626.71875	770.71875	刷机时点击wipecachepartition后,手机自..._百度贴吧wipedata/factoryreset"这个政策,wipecachepartition后,显示正在清除,然后马上重启恢复出厂设置了,请问这...tieba.baidu.com评价为您推荐：rebootsystemnow什么意思wipedatafactoryresetwipecachepartition什么意思applyupdatefromadbapplyupdatefromsdcardrestoreuserdatanowsendthepackageyouconfirmwipeofalluserdata
None	5	0	385	780.71875	924.71875	WIPE、恢复出厂设置的区别_百度文库2014年1月23日 - 第四项是WIPECACHEPARTITION,这个是清除个人设置,无视好了,第三项包含了这个项目。我们WIPE要做的就是...wenku.baidu.com评价为您推荐：rebootsystemnow什么意思wipedatafactoryresetapplyupdatefromadbapplyupdatefromsdcarddeletealluserdata什么意思restoreuserdatabackupandrestore
None	6	0	385	934.71875	1078.71875	安卓系统recovery功能详解_百度文库2012年5月18日 - wipedata/factoryreset清除用户数据并恢复出厂设置(刷机前必须执行的选项)wipecachepartition清除系统...wenku.baidu.com评价为您推荐：recovery模式怎么进入restoreuserdatadeletealluserdata什么意思wipedata/factoryresetrestore是什么意思在手机里powerdown是什么意思wipecache有什么用
None	7	0	385	1088.71875	1292.71875	wipecachepartition_相关软件刷机精灵安全刷机的保障刷机大师免费安卓手机刷机工具miui一键刷机智能刷机工具奇兔刷机傻瓜手机刷机软件中文触摸recovery方式展示出来深度刷机手机刷机软件挖煤神器Android刷机工具formatting3D主题桌面提供应用hboot检查安全锁的状态ext4扩展日志式文件系统bootloader在os内核运行之前运行s-off即保护关的意思
None	8	0	385	1302.71875	1448.71875	wipecachepartition什么意思_百度知道1个回答-提问时间：2014年03月01日[最佳答案]wipe清除cache缓存partition分区请看.双清:Recovery模式下对手机的两个操作,指:wipedata/...zhidao.baidu.com评价为您推荐：rebootsystemnowwipedatafactoryresetapplyupdatefromcacheapplyupdatefromadbbackupandrestorepowerdown是什么意思restoreuserdatabackupandrestore
None	9	0	385	1458.71875	1576.71875	WIPECACHEPARTITION_百度翻译WIPECACHEPARTITION 网络清楚缓存;百度翻译为您推荐：rebootsystemnow什么意思applyupdatefromadbwipecachepartition什么意思mountsandstoragedeletealluserdata什么意思wipedata/factoryresetviewrecoverylogsconfirmwipeofalluserdata
None	10	0	385	1586.71875	1729.71875	wipecachepartition什么意思_百度知道1个回答-提问时间：2014年03月17日[最佳答案]wipecachepartition这个选项一般是在recovery界面出现的,它的中文翻译为清除系统缓存,一般是在刷机前...zhidao.baidu.com评价为您推荐：rebootsystemnow什么意思wipedatafactoryresetapplyupdatefromcacheapplyupdatefromadbtouchscreenfirmwareupdateviewrecoverylogsrestoreuserdatabackupandrestore
